n	logs-E1620-dockerized.Storm.vi-toposhifted	logs-E1620-dockerized.Storm.ovi-toposhifted	logs-E1620-dockerized.Storm.vi2pi-topo-gmresshifted	logs-E1620-dockerized.Storm.vi2lp-topo-gurobishifted	logs-E1620-dockerized.mcsta.vishifted	logs-E1620-dockerized.mcsta.ovishifted	logs-E1620-dockerized-gprob.Storm.vi-toposhifted	logs-E1620-dockerized-gprob.Storm.ovi-toposhifted	logs-E1620-dockerized-gprob.Storm.vi2pi-topo-gmresshifted	logs-E1620-dockerized-gprob.Storm.vi2lp-topo-gurobishifted	logs-E1620-dockerized-gprob.mcsta.vishifted	logs-E1620-dockerized-gprob.mcsta.ovishifted	logs-M2Pro.Storm.vi-toposhifted	logs-M2Pro.Storm.ovi-toposhifted	logs-M2Pro.Storm.vi2pi-topo-gmresshifted	logs-M2Pro.Storm.vi2lp-topo-gurobishifted	logs-M2Pro.mcsta.vishifted	logs-M2Pro.mcsta.ovishifted	logs-M2Pro-2.Storm.vi-toposhifted	logs-M2Pro-2.Storm.ovi-toposhifted	logs-M2Pro-2.Storm.vi2pi-topo-gmresshifted	logs-M2Pro-2.Storm.vi2lp-topo-gurobishifted	logs-M2Pro-2.mcsta.vishifted	logs-M2Pro-2.mcsta.ovishifted	logs-R32200-dockerized.Storm.vi-toposhifted	logs-R32200-dockerized.Storm.ovi-toposhifted	logs-R32200-dockerized.Storm.vi2pi-topo-gmresshifted	logs-R32200-dockerized.Storm.vi2lp-topo-gurobishifted	logs-R32200-dockerized.mcsta.vishifted	logs-R32200-dockerized.mcsta.ovishifted	logs-R54650U-dockerized.Storm.vi-toposhifted	logs-R54650U-dockerized.Storm.ovi-toposhifted	logs-R54650U-dockerized.Storm.vi2pi-topo-gmresshifted	logs-R54650U-dockerized.Storm.vi2lp-topo-gurobishifted	logs-R54650U-dockerized.mcsta.vishifted	logs-R54650U-dockerized.mcsta.ovishifted	logs-R97950X-dockerized.Storm.vi-toposhifted	logs-R97950X-dockerized.Storm.ovi-toposhifted	logs-R97950X-dockerized.Storm.vi2pi-topo-gmresshifted	logs-R97950X-dockerized.Storm.vi2lp-topo-gurobishifted	logs-R97950X-dockerized.mcsta.vishifted	logs-R97950X-dockerized.mcsta.ovishifted	logs-TRP5965-dockerized.Storm.vi-toposhifted	logs-TRP5965-dockerized.Storm.ovi-toposhifted	logs-TRP5965-dockerized.Storm.vi2pi-topo-gmresshifted	logs-TRP5965-dockerized.Storm.vi2lp-topo-gurobishifted	logs-TRP5965-dockerized.mcsta.vishifted	logs-TRP5965-dockerized.mcsta.ovishifted	logs-TRP5965-native.Storm.vi-toposhifted	logs-TRP5965-native.Storm.ovi-toposhifted	logs-TRP5965-native.Storm.vi2pi-topo-gmresshifted	logs-TRP5965-native.Storm.vi2lp-topo-gurobishifted	logs-TRP5965-native.mcsta.vishifted	logs-TRP5965-native.mcsta.ovishifted	logs-TRP5965-nativeportable.Storm.vi-toposhifted	logs-TRP5965-nativeportable.Storm.ovi-toposhifted	logs-TRP5965-nativeportable.Storm.vi2pi-topo-gmresshifted	logs-TRP5965-nativeportable.Storm.vi2lp-topo-gurobishifted	logs-TRP5965-nativeportable.mcsta.vishifted	logs-TRP5965-nativeportable.mcsta.ovishifted	logs-TRP5965-nativeportable-wls.Storm.vi-toposhifted	logs-TRP5965-nativeportable-wls.Storm.ovi-toposhifted	logs-TRP5965-nativeportable-wls.Storm.vi2pi-topo-gmresshifted	logs-TRP5965-nativeportable-wls.Storm.vi2lp-topo-gurobishifted	logs-TRP5965-nativeportable-wls.mcsta.vishifted	logs-TRP5965-nativeportable-wls.mcsta.ovishifted	logs-claix23.Storm.vi-toposhifted	logs-claix23.Storm.ovi-toposhifted	logs-claix23.Storm.vi2pi-topo-gmresshifted	logs-claix23.Storm.vi2lp-topo-gurobishifted	logs-claix23.mcsta.vishifted	logs-claix23.mcsta.ovishifted	logs-i910980xe-dockerized.Storm.vi-toposhifted	logs-i910980xe-dockerized.Storm.ovi-toposhifted	logs-i910980xe-dockerized.Storm.vi2pi-topo-gmresshifted	logs-i910980xe-dockerized.Storm.vi2lp-topo-gurobishifted	logs-i910980xe-dockerized.mcsta.vishifted	logs-i910980xe-dockerized.mcsta.ovishifted	logs-i910980xe-native.Storm.vi-toposhifted	logs-i910980xe-native.Storm.ovi-toposhifted	logs-i910980xe-native.Storm.vi2pi-topo-gmresshifted	logs-i910980xe-native.Storm.vi2lp-topo-gurobishifted	logs-i910980xe-native.mcsta.vishifted	logs-i910980xe-native.mcsta.ovishifted	logs-i910980xe-native-portable.Storm.vi-toposhifted	logs-i910980xe-native-portable.Storm.ovi-toposhifted	logs-i910980xe-native-portable.Storm.vi2pi-topo-gmresshifted	logs-i910980xe-native-portable.Storm.vi2lp-topo-gurobishifted	logs-i910980xe-native-portable.mcsta.vishifted	logs-i910980xe-native-portable.mcsta.ovishifted	logs-i911900K-dockerized.Storm.vi-toposhifted	logs-i911900K-dockerized.Storm.ovi-toposhifted	logs-i911900K-dockerized.Storm.vi2pi-topo-gmresshifted	logs-i911900K-dockerized.Storm.vi2lp-topo-gurobishifted	logs-i911900K-dockerized.mcsta.vishifted	logs-i911900K-dockerized.mcsta.ovishifted	logs-E1620-dockerized.Storm.bestshifted	logs-E1620-dockerized.mcsta.bestshifted	logs-E1620-dockerized-gprob.Storm.bestshifted	logs-E1620-dockerized-gprob.mcsta.bestshifted	logs-M2Pro.Storm.bestshifted	logs-M2Pro.mcsta.bestshifted	logs-M2Pro-2.Storm.bestshifted	logs-M2Pro-2.mcsta.bestshifted	logs-R32200-dockerized.Storm.bestshifted	logs-R32200-dockerized.mcsta.bestshifted	logs-R54650U-dockerized.Storm.bestshifted	logs-R54650U-dockerized.mcsta.bestshifted	logs-R97950X-dockerized.Storm.bestshifted	logs-R97950X-dockerized.mcsta.bestshifted	logs-TRP5965-dockerized.Storm.bestshifted	logs-TRP5965-dockerized.mcsta.bestshifted	logs-TRP5965-native.Storm.bestshifted	logs-TRP5965-native.mcsta.bestshifted	logs-TRP5965-nativeportable.Storm.bestshifted	logs-TRP5965-nativeportable.mcsta.bestshifted	logs-TRP5965-nativeportable-wls.Storm.bestshifted	logs-TRP5965-nativeportable-wls.mcsta.bestshifted	logs-claix23.Storm.bestshifted	logs-claix23.mcsta.bestshifted	logs-i910980xe-dockerized.Storm.bestshifted	logs-i910980xe-dockerized.mcsta.bestshifted	logs-i910980xe-native.Storm.bestshifted	logs-i910980xe-native.mcsta.bestshifted	logs-i910980xe-native-portable.Storm.bestshifted	logs-i910980xe-native-portable.mcsta.bestshifted	logs-i911900K-dockerized.Storm.bestshifted	logs-i911900K-dockerized.mcsta.bestshifted	selection-bestshifted	bestshifted
1	0.1	0.1	0.1	0.1	0.1	0.1	0.1	0.1	0.1	0.1	0.1	0.1	0.1	0.1	0.1	0.1	0.1	0.1	0.1	0.1	0.1	0.1	0.1	0.1	0.1	0.1	0.1	0.1	0.1	0.1	0.1	0.1	0.1	0.1	0.1	0.1	0.1	0.1	0.1	0.1	0.1	0.1	0.1	0.1	0.1	0.1	0.1	0.1	0.1	0.1	0.1	0.1	0.1	0.1	0.1	0.1	0.1	0.1	0.1	0.1	0.1	0.1	0.1	0.1	0.1	0.1	0.1	0.1	0.1	0.1	0.1	0.1	0.1	0.1	0.1	0.1	0.1	0.1	0.1	0.1	0.1	0.1	0.1	0.1	0.1	0.1	0.1	0.1	0.1	0.1	0.1	0.1	0.1	0.1	0.1	0.1	0.1	0.1	0.1	0.1	0.1	0.1	0.1	0.1	0.1	0.1	0.1	0.1	0.1	0.1	0.1	0.1	0.1	0.1	0.1	0.1	0.1	0.1	0.1	0.1	0.1	0.1	0.1	0.1	0.1	0.1	0.1	0.1	0.1	0.1
1	0.1	0.1	0.1	0.1	0.1	0.1	0.1	0.1	0.1	0.1	0.1	0.1	0.1	0.1	0.1	0.1	0.1	0.1	0.1	0.1	0.1	0.1	0.1	0.1	0.1	0.1	0.1	0.1	0.1	0.1	0.1	0.1	0.1	0.209	0.1	0.1	0.1	0.1	0.1	0.1	0.1	0.1	0.1	0.1	0.1	0.1	0.1	0.1	0.1	0.1	0.1	0.1	0.1	0.1	0.1	0.1	0.1	0.1	0.1	0.1	0.1	0.1	0.1	0.1	0.1	0.1	0.1	0.1	0.1	0.1	0.1	0.1	0.1	0.1	0.1	0.1	0.1	0.1	0.1	0.1	0.104	0.1	0.1	0.1	0.1	0.1	0.1	0.1	0.1	0.1	0.1	0.1	0.1	0.1	0.1	0.1	0.1	0.1	0.1	0.1	0.1	0.1	0.1	0.1	0.1	0.1	0.1	0.1	0.1	0.1	0.1	0.1	0.1	0.1	0.1	0.1	0.1	0.1	0.1	0.1	0.1	0.1	0.1	0.1	0.1	0.1	0.1	0.1		0.1
2	0.104	0.1	0.1	0.147	0.1	0.1	0.101	0.1	0.1	0.1	0.1	0.1	0.1	0.1	0.111	0.1	0.1	0.1	0.1	0.1	0.11	0.1	0.1	0.1	0.149	0.114	0.11	0.1	0.1	0.1	0.106	0.1	0.1	0.225	0.1	0.1	0.1	0.1	0.1	0.136	0.1	0.1	0.1	0.1	0.1	0.105	0.1	0.1	0.1	0.1	0.1	0.106	0.1	0.1	0.1	0.1	0.1	0.1	0.1	0.1	0.1	0.1	0.1	0.105	0.1	0.1	0.1	0.1	0.128	0.15	0.1	0.1	0.1	0.1	0.1	0.15	0.1	0.1	0.121	0.103	0.258	0.201	0.1	0.1	0.121	0.104	0.104	0.203	0.1	0.1	0.1	0.1	0.1	0.125	0.1	0.1	0.1	0.1	0.1	0.1	0.1	0.1	0.1	0.1	0.1	0.1	0.1	0.1	0.1	0.1	0.1	0.1	0.1	0.1	0.1	0.1	0.1	0.1	0.1	0.1	0.1	0.1	0.1	0.1	0.1	0.1	0.1	0.1		0.1
3	0.128	0.116	0.169	0.221	0.1	0.2	0.127	0.115	0.169	0.223	0.1	0.2	0.1	0.1	0.111	0.162	0.1	0.2	0.1	0.1	0.111	0.165	0.1	0.2	0.156	0.174	0.219	0.256	0.1	0.2	0.134	0.148	0.154	0.244	0.1	0.2	0.1	0.1	0.1	0.231	0.1	0.1	0.1	0.1	0.1	0.16	0.1	0.1	0.1	0.1	0.104	0.168	0.1	0.1	0.1	0.1	0.1	0.103	0.1	0.1	0.1	0.1	0.1	0.162	0.1	0.1	0.1	0.1	0.136	0.173	0.1	0.1	0.104	0.1	0.127	0.21	0.1	0.1	0.187	0.155	0.258	0.245	0.1	0.1	0.204	0.154	0.187	0.227	0.1	0.1	0.1	0.1	0.1	0.19	0.1	0.1	0.1	0.1	0.1	0.1	0.1	0.1	0.1	0.1	0.11	0.1	0.106	0.1	0.1	0.1	0.1	0.1	0.1	0.1	0.1	0.1	0.1	0.1	0.1	0.1	0.1	0.1	0.103	0.1	0.104	0.1	0.1	0.1		0.1
4	0.196	0.143	0.19	0.298	0.1	0.2	0.196	0.143	0.191	0.303	0.1	0.2	0.101	0.1	0.111	0.17	0.1	0.2	0.102	0.1	0.111	0.17	0.1	0.2	0.223	0.185	0.245	0.336	0.1	0.2	0.158	0.15	0.204	0.25	0.1	0.2	0.1	0.1	0.1	0.25	0.1	0.1	0.103	0.1	0.104	0.17	0.1	0.1	0.1	0.1	0.105	0.17	0.1	0.1	0.102	0.1	0.102	0.147	0.1	0.1	0.1	0.1	0.101	0.171	0.1	0.1	0.127	0.1	0.176	0.207	0.1	0.1	0.143	0.116	0.166	0.239	0.1	0.1	0.284	0.232	0.259	0.372	0.1	0.1	0.282	0.229	0.258	0.352	0.1	0.1	0.108	0.1	0.101	0.192	0.1	0.1	0.104	0.1	0.101	0.1	0.1	0.1	0.1	0.1	0.149	0.1	0.134	0.1	0.1	0.1	0.1	0.1	0.1	0.1	0.1	0.1	0.1	0.1	0.1	0.1	0.1	0.1	0.121	0.1	0.121	0.1	0.1	0.1		0.1
5	0.197	0.144	0.211	0.303	0.2	0.2	0.197	0.144	0.211	0.321	0.2	0.2	0.102	0.1	0.222	0.194	0.1	0.2	0.102	0.1	0.222	0.196	0.1	0.2	0.238	0.188	0.247	0.359	0.2	0.2	0.185	0.16	0.207	0.4	0.2	0.2	0.116	0.1	0.112	0.337	0.1	0.1	0.11	0.1	0.108	0.238	0.1	0.1	0.108	0.1	0.106	0.244	0.1	0.1	0.11	0.1	0.109	0.158	0.1	0.1	0.11	0.1	0.107	0.249	0.1	0.1	0.127	0.1	0.428	0.232	0.1	0.1	0.155	0.117	0.167	0.309	0.1	0.1	0.285	0.232	0.361	0.439	0.1	0.1	0.282	0.23	0.258	0.464	0.1	0.1	0.109	0.1	0.112	0.212	0.1	0.1	0.128	0.2	0.127	0.2	0.1	0.1	0.1	0.1	0.156	0.2	0.15	0.2	0.1	0.1	0.1	0.1	0.1	0.1	0.1	0.1	0.1	0.1	0.1	0.1	0.104	0.1	0.187	0.1	0.204	0.1	0.1	0.1		0.1
6	0.199	0.144	0.211	0.491	0.2	0.3	0.199	0.144	0.211	0.544	0.2	0.3	0.102	0.1	0.226	0.234	0.1	0.3	0.102	0.1	0.225	0.236	0.1	0.3	0.239	0.188	0.248	0.615	0.2	0.3	0.215	0.172	0.209	0.621	0.2	0.2	0.117	0.1	0.116	0.36	0.1	0.1	0.111	0.1	0.108	0.274	0.1	0.1	0.108	0.1	0.392	0.273	0.1	0.1	0.111	0.1	0.109	0.246	0.1	0.1	0.11	0.1	0.108	0.273	0.1	0.1	0.131	0.1	0.629	0.336	0.1	0.2	0.155	0.117	0.167	0.388	0.1	0.2	0.305	0.233	0.741	0.688	0.1	0.2	0.284	0.23	0.259	0.706	0.2	0.2	0.109	0.1	0.113	0.277	0.1	0.2	0.143	0.2	0.143	0.2	0.1	0.1	0.1	0.1	0.185	0.2	0.158	0.2	0.1	0.1	0.1	0.1	0.1	0.1	0.1	0.1	0.1	0.1	0.1	0.1	0.116	0.1	0.232	0.1	0.227	0.1	0.1	0.1		0.1
7	0.207	0.224	0.212	0.751	0.2	0.3	0.207	0.223	0.212	0.758	0.2	0.3	0.124	0.153	0.33	0.236	0.1	0.4	0.124	0.152	0.332	0.242	0.1	0.3	0.248	0.208	0.253	0.774	0.2	0.3	0.284	0.213	0.226	0.625	0.2	0.3	0.117	0.107	0.117	0.425	0.1	0.1	0.111	0.108	0.109	0.414	0.1	0.1	0.109	0.1	0.396	0.4	0.1	0.1	0.111	0.107	0.109	0.398	0.1	0.1	0.11	0.108	0.109	0.402	0.1	0.1	0.132	0.137	0.649	0.556	0.1	0.2	0.156	0.165	0.174	0.679	0.1	0.3	0.308	0.299	0.809	0.836	0.1	0.3	0.329	0.32	0.394	0.85	0.2	0.3	0.11	0.111	0.114	0.427	0.1	0.2	0.144	0.2	0.144	0.2	0.1	0.1	0.1	0.1	0.188	0.2	0.185	0.2	0.1	0.1	0.1	0.1	0.1	0.1	0.1	0.1	0.1	0.1	0.1	0.1	0.117	0.1	0.232	0.1	0.229	0.1	0.1	0.1		0.1
8	0.214	0.228	0.71	0.757	0.2	0.4	0.211	0.227	0.707	1.025	0.2	0.4	0.13	0.171	0.501	0.292	0.2	0.5	0.13	0.171	0.508	0.295	0.1	0.4	0.264	0.233	0.762	0.777	0.2	0.5	0.287	0.217	0.606	0.884	0.3	0.3	0.118	0.118	0.391	0.509	0.1	0.2	0.117	0.124	0.402	0.415	0.1	0.2	0.116	0.117	0.479	0.406	0.1	0.2	0.112	0.123	0.392	0.4	0.1	0.2	0.111	0.122	0.392	0.407	0.1	0.2	0.146	0.155	0.721	0.588	0.1	0.2	0.183	0.202	0.656	0.681	0.2	0.3	0.321	0.561	0.812	0.844	0.2	0.3	0.398	0.554	0.82	0.852	0.2	0.3	0.112	0.116	0.392	0.443	0.1	0.2	0.144	0.2	0.144	0.2	0.1	0.2	0.1	0.1	0.188	0.2	0.207	0.2	0.1	0.1	0.1	0.1	0.1	0.1	0.1	0.1	0.1	0.1	0.1	0.1	0.117	0.2	0.233	0.2	0.23	0.2	0.1	0.1		0.1
9	0.421	0.36	0.71	1.026	0.3	0.5	0.425	0.361	0.709	1.119	0.3	0.5	0.181	0.173	0.571	0.292	0.2	0.8	0.182	0.173	0.57	0.298	0.2	0.5	0.399	0.34	0.809	1.074	0.2	0.5	0.313	0.29	0.627	0.97	0.3	0.4	0.206	0.162	0.401	0.727	0.1	0.2	0.178	0.164	0.407	0.606	0.1	0.3	0.178	0.156	0.672	0.61	0.1	0.3	0.177	0.159	0.392	0.46	0.1	0.3	0.176	0.16	0.392	0.617	0.1	0.3	0.26	0.212	0.758	0.637	0.2	0.3	0.337	0.3	0.662	0.898	0.2	0.4	0.49	0.599	1.369	1.118	0.2	0.4	0.484	0.607	0.831	1.138	0.2	0.4	0.244	0.186	0.397	0.463	0.1	0.3	0.207	0.3	0.207	0.3	0.124	0.2	0.124	0.2	0.208	0.2	0.209	0.2	0.1	0.1	0.103	0.1	0.1	0.1	0.102	0.1	0.1	0.1	0.131	0.2	0.143	0.2	0.245	0.2	0.23	0.2	0.108	0.1		0.1
10	0.523	0.385	0.981	1.169	0.3	0.6	0.517	0.385	0.981	1.355	0.3	0.6	0.219	0.194	0.684	0.383	0.2	0.8	0.219	0.195	0.684	0.379	0.2	0.6	0.423	0.379	1.109	1.152	0.4	0.6	0.329	0.302	0.907	1.212	0.3	0.5	0.248	0.179	0.469	0.736	0.1	0.2	0.24	0.197	0.482	0.635	0.2	0.3	0.184	0.195	0.775	0.612	0.2	0.3	0.236	0.197	0.487	0.465	0.2	0.3	0.239	0.199	0.487	0.655	0.2	0.3	0.276	0.237	0.867	0.658	0.2	0.3	0.34	0.322	0.771	0.911	0.2	0.5	0.599	0.625	1.379	1.134	0.2	0.5	0.612	0.631	0.833	1.139	0.2	0.5	0.247	0.219	0.61	0.613	0.2	0.3	0.214	0.3	0.211	0.3	0.13	0.2	0.13	0.2	0.238	0.3	0.213	0.3	0.116	0.1	0.117	0.1	0.116	0.1	0.112	0.1	0.11	0.1	0.146	0.2	0.183	0.2	0.308	0.2	0.329	0.2	0.112	0.2		0.1
11	0.708	0.488	1.051	1.189	0.4	0.6	0.707	0.485	1.051	2.007	0.4	0.6	0.221	0.24	0.704	0.506	0.2	0.9	0.22	0.239	0.705	0.516	0.2	0.9	0.752	0.511	1.288	1.259	0.4	0.8	0.603	0.403	0.944	1.363	0.3	0.5	0.372	0.284	0.684	0.743	0.2	0.3	0.399	0.306	0.696	0.668	0.2	0.4	0.392	0.299	0.809	0.666	0.2	0.4	0.389	0.294	0.67	0.569	0.2	0.4	0.392	0.296	0.665	0.67	0.2	0.4	0.469	0.307	0.9	0.698	0.2	0.4	0.627	0.428	0.961	1.054	0.3	0.6	0.808	0.742	1.64	1.34	0.3	0.5	0.819	0.813	1.325	1.383	0.3	0.5	0.393	0.267	0.634	0.68	0.2	0.3	0.303	0.4	0.303	0.4	0.17	0.2	0.17	0.2	0.336	0.4	0.29	0.3	0.179	0.2	0.16	0.2	0.156	0.2	0.147	0.2	0.16	0.2	0.207	0.2	0.21	0.3	0.321	0.3	0.398	0.3	0.19	0.2		0.1
12	0.711	0.684	1.143	1.336	0.4	0.8	0.707	0.684	1.137	2.106	0.4	0.8	0.257	0.242	0.749	0.796	0.3	0.9	0.258	0.239	0.756	0.796	0.3	1.0	0.752	0.745	1.414	1.443	0.4	0.8	0.604	0.615	1.067	1.468	0.3	0.6	0.395	0.335	0.749	1.132	0.2	0.4	0.399	0.375	0.709	1.089	0.2	0.4	0.402	0.37	0.845	0.985	0.2	0.4	0.392	0.37	0.726	0.657	0.2	0.4	0.393	0.37	0.715	0.994	0.2	0.4	0.544	0.476	0.919	0.759	0.2	0.5	0.655	0.61	1.074	1.507	0.4	0.7	0.809	0.853	1.755	1.846	0.4	0.7	0.819	0.868	1.388	1.843	0.4	0.7	0.393	0.396	0.699	0.891	0.2	0.5	0.385	0.4	0.385	0.4	0.173	0.3	0.173	0.3	0.34	0.4	0.329	0.3	0.248	0.2	0.164	0.2	0.168	0.2	0.159	0.2	0.162	0.2	0.237	0.2	0.322	0.4	0.49	0.4	0.484	0.4	0.219	0.2		0.1
13	0.732	0.737	1.209	2.007	0.5	0.8	0.727	0.734	1.218	2.389	0.5	0.8	0.307	0.245	0.918	0.908	0.3	1.0	0.309	0.242	0.915	0.907	0.3	1.1	0.779	0.789	1.549	2.07	0.5	0.8	0.62	0.629	1.229	2.26	0.3	0.6	0.398	0.404	0.769	1.233	0.2	0.5	0.445	0.411	0.726	1.166	0.2	0.4	0.441	0.402	0.846	1.051	0.2	0.4	0.442	0.399	0.774	0.768	0.2	0.4	0.439	0.399	0.775	1.061	0.2	0.4	0.568	0.481	1.014	1.043	0.3	0.5	0.656	0.657	1.181	1.63	0.4	0.7	0.827	0.871	1.832	2.003	0.4	0.7	0.833	0.88	1.524	1.855	0.4	0.7	0.404	0.406	0.717	1.232	0.3	0.5	0.488	0.5	0.485	0.5	0.194	0.3	0.195	0.3	0.423	0.5	0.403	0.3	0.25	0.2	0.24	0.2	0.184	0.2	0.236	0.2	0.239	0.2	0.26	0.3	0.337	0.4	0.561	0.4	0.554	0.4	0.247	0.3		0.1
14	0.953	0.738	1.453	2.11	0.6	1.7	0.95	0.736	1.453	2.431	0.6	1.7	0.309	0.248	1.327	0.972	0.4	1.1	0.31	0.249	1.378	0.983	0.4	1.2	0.971	0.796	1.727	2.375	0.6	1.7	0.782	0.633	1.239	2.333	0.4	1.3	0.447	0.412	0.862	1.469	0.3	0.9	0.45	0.411	0.803	1.177	0.3	0.9	0.454	0.407	0.873	1.128	0.3	0.9	0.442	0.403	0.786	0.969	0.3	0.9	0.442	0.403	0.782	1.127	0.3	0.9	0.584	0.488	1.119	1.113	0.4	1.0	0.737	0.681	1.189	1.988	0.5	1.4	1.027	0.876	3.961	2.54	0.5	1.4	1.028	0.887	1.621	2.553	0.5	1.4	0.469	0.411	0.817	1.259	0.4	1.0	0.523	0.5	0.517	0.5	0.219	0.4	0.219	0.3	0.511	0.6	0.603	0.4	0.284	0.2	0.306	0.3	0.299	0.3	0.294	0.3	0.296	0.3	0.307	0.3	0.428	0.4	0.599	0.4	0.607	0.4	0.267	0.3		0.1
15	0.955	0.763	1.539	2.442	0.6	1.8	0.956	0.761	1.545	4.087	0.6	1.8	0.323	0.273	1.537	0.992	0.4	1.5	0.317	0.273	1.541	0.989	0.4	1.4	0.983	0.901	1.745	2.778	0.6	1.9	0.801	0.635	1.244	3.947	0.5	1.5	0.462	0.458	0.886	1.545	0.3	0.9	0.466	0.447	0.94	1.253	0.3	0.9	0.472	0.453	0.92	1.246	0.4	0.9	0.467	0.452	0.815	1.046	0.3	0.9	0.467	0.458	0.812	1.279	0.3	0.9	0.595	0.556	1.268	1.238	0.4	1.0	0.771	0.686	1.415	2.026	0.6	1.5	1.088	0.88	4.132	2.659	0.5	1.5	1.108	0.889	1.746	2.644	0.6	1.6	0.525	0.422	0.944	1.274	0.4	1.0	0.684	0.6	0.684	0.6	0.221	0.4	0.22	0.4	0.745	0.6	0.604	0.4	0.335	0.3	0.375	0.3	0.37	0.3	0.37	0.3	0.37	0.3	0.428	0.4	0.61	0.5	0.741	0.5	0.813	0.5	0.392	0.3		0.1
16	0.975	0.83	1.552	2.566	0.7	2.0	0.983	0.83	1.551	6.975	0.7	2.0	0.38	0.303	1.542	1.72	0.4	1.5	0.38	0.303	1.552	1.709	0.4	1.4	1.081	0.904	2.183	2.78	0.7	1.9	0.805	0.711	1.278	6.262	0.5	1.5	0.494	0.517	0.955	1.727	0.3	0.9	0.472	0.463	0.95	1.274	0.4	0.9	0.473	0.468	0.99	1.266	0.4	0.9	0.483	0.483	0.922	1.056	0.4	0.9	0.485	0.481	0.913	1.315	0.4	0.9	0.604	0.572	1.909	1.324	0.4	1.2	0.818	0.723	1.431	2.115	0.6	1.8	1.188	0.954	4.168	4.255	0.6	1.8	1.201	0.966	1.762	4.811	0.6	1.8	0.554	0.469	0.951	1.275	0.4	1.1	0.708	0.6	0.707	0.6	0.248	0.4	0.249	0.4	0.752	0.6	0.615	0.5	0.391	0.3	0.399	0.3	0.392	0.4	0.389	0.3	0.392	0.3	0.469	0.4	0.627	0.6	0.808	0.5	0.819	0.5	0.393	0.4		0.147
17	0.983	0.892	1.637	3.343	0.8	2.0	0.991	0.892	1.637	7.42	0.8	2.0	0.397	0.346	1.549	2.75	0.5	1.6	0.399	0.348	1.553	2.793	0.4	1.7	1.128	1.099	2.496	2.78	0.9	1.9	0.832	0.93	1.56	6.378	0.6	1.5	0.528	0.556	0.961	4.709	0.4	1.0	0.526	0.516	0.969	3.622	0.4	0.9	0.524	0.507	1.374	3.665	0.4	0.9	0.528	0.502	0.928	1.086	0.4	0.9	0.518	0.498	0.922	3.723	0.4	0.9	0.613	0.664	1.977	1.46	0.4	1.2	0.842	0.769	1.525	4.817	0.6	1.9	1.242	0.957	4.3	5.338	0.6	1.9	1.274	1.013	4.2	5.403	0.6	1.9	0.574	0.534	0.978	2.292	0.4	1.1	0.71	0.6	0.707	0.6	0.257	0.5	0.258	0.4	0.752	0.7	0.62	0.5	0.398	0.3	0.399	0.4	0.396	0.4	0.392	0.4	0.392	0.4	0.476	0.4	0.655	0.6	0.809	0.5	0.819	0.6	0.396	0.4		0.156
18	1.012	1.05	1.679	4.033	1.0	2.0	1.012	1.05	1.679	7.611	1.0	2.0	0.404	0.413	2.213	2.829	0.5	1.8	0.405	0.414	2.195	2.845	0.5	2.0	1.136	1.292	2.519	5.242	1.1	2.1	0.88	0.938	1.569	6.623	0.7	1.6	0.575	0.656	0.98	4.825	0.4	1.0	0.539	0.702	0.992	3.767	0.5	1.1	0.528	0.683	1.419	3.765	0.5	1.1	0.529	0.696	0.989	1.112	0.5	1.1	0.523	0.691	0.997	3.773	0.5	1.0	0.696	0.68	1.982	1.523	0.5	1.2	0.931	0.818	1.748	5.913	0.8	1.9	1.258	1.437	4.332	7.649	0.8	1.9	1.279	1.444	4.36	7.791	0.8	2.0	0.575	0.659	0.992	4.127	0.5	1.1	0.732	0.7	0.727	0.7	0.303	0.5	0.303	0.4	0.779	0.8	0.711	0.5	0.447	0.4	0.445	0.4	0.441	0.4	0.442	0.4	0.439	0.4	0.556	0.4	0.656	0.6	0.827	0.6	0.833	0.6	0.404	0.4		0.194
19	1.027	1.176	3.598	7.012	1.1	2.0	1.029	1.182	3.598	7.965	1.1	2.0	0.436	0.414	2.237	2.937	0.5	2.0	0.435	0.415	2.237	2.964	0.6	2.0	1.143	1.339	3.469	6.575	1.1	2.1	0.918	0.946	2.936	6.74	0.8	1.6	0.579	0.709	1.576	4.932	0.4	1.0	0.549	0.708	1.385	4.036	0.5	1.1	0.55	0.694	1.458	4.016	0.5	1.1	0.532	0.696	1.358	2.546	0.5	1.1	0.534	0.701	1.362	3.958	0.5	1.1	0.704	0.71	2.091	3.311	0.6	1.2	0.948	1.115	3.237	6.386	0.9	1.9	1.338	1.562	4.336	8.311	0.9	1.9	1.377	1.563	4.416	8.166	0.9	2.0	0.58	0.679	2.162	4.307	0.6	1.2	0.83	1.1	0.83	1.1	0.307	0.5	0.309	0.6	0.901	1.1	0.782	0.8	0.458	0.4	0.447	0.5	0.454	0.5	0.442	0.5	0.442	0.5	0.572	0.6	0.723	0.9	0.853	0.9	0.868	0.9	0.469	0.6		0.2
20	1.048	1.21	4.116	7.405	1.1	2.3	1.03	1.212	4.116	8.239	1.1	2.4	0.58	0.508	2.315	2.937	0.6	2.0	0.595	0.508	2.314	2.965	0.6	2.1	1.185	1.341	3.482	8.183	1.4	2.2	1.049	1.065	2.968	7.267	0.8	1.7	0.635	0.738	1.61	5.003	0.5	1.0	0.6	0.715	1.448	4.076	0.6	1.1	0.59	0.696	1.545	4.256	0.6	1.1	0.582	0.705	1.416	3.721	0.6	1.1	0.58	0.705	1.42	4.075	0.6	1.1	0.712	0.75	2.308	4.638	0.6	1.6	0.952	1.115	3.287	6.526	0.9	2.2	1.431	1.609	4.474	8.338	0.9	2.2	1.512	1.61	4.419	8.311	0.9	2.2	0.581	0.684	2.268	4.32	0.6	1.2	0.892	1.1	0.892	1.1	0.309	0.6	0.31	0.6	0.971	1.4	0.801	0.8	0.462	0.5	0.45	0.5	0.468	0.5	0.467	0.5	0.467	0.5	0.584	0.6	0.737	0.9	0.954	0.9	0.966	0.9	0.469	0.6		0.219
21	1.154	1.21	4.224	7.589	1.4	2.4	1.154	1.214	4.224	9.847	1.5	2.4	0.683	0.528	2.526	3.87	0.8	2.1	0.688	0.535	2.527	3.89	0.8	2.2	1.263	1.385	3.609	8.659	1.4	3.0	1.088	1.066	3.002	7.296	1.1	1.7	0.733	0.74	1.664	5.37	0.7	1.0	0.603	0.734	1.477	4.256	0.8	1.1	0.595	0.706	1.929	4.266	0.8	1.1	0.592	0.712	1.446	3.966	0.8	1.1	0.588	0.715	1.441	4.242	0.8	1.1	0.801	0.757	2.631	4.718	0.9	1.6	1.013	1.115	3.36	6.701	1.2	2.3	1.517	1.786	5.253	8.449	1.2	2.3	1.739	1.79	4.524	8.495	1.2	2.3	0.633	0.7	2.295	4.389	0.8	1.3	0.953	1.4	0.956	1.5	0.323	0.8	0.317	0.8	0.983	1.4	0.805	1.1	0.494	0.7	0.466	0.8	0.473	0.8	0.483	0.8	0.481	0.8	0.604	0.9	0.769	1.2	1.088	1.2	1.108	1.2	0.534	0.8		0.22
22	1.675	1.217	4.31	7.781	1.6	3.4	1.684	1.217	4.304	10.069	1.6	3.4	0.7	0.57	2.651	4.155	0.9	2.4	0.7	0.571	2.648	4.202	0.9	2.3	1.757	1.511	4.602	9.451	1.5	3.0	1.386	1.217	3.274	7.967	1.2	2.3	0.829	0.748	1.907	6.54	0.8	1.6	0.796	0.737	1.934	4.45	0.9	1.7	0.812	0.721	1.946	4.428	0.9	1.7	0.796	0.721	1.944	3.967	0.9	1.7	0.805	0.723	1.955	4.47	0.9	1.7	1.067	0.898	3.121	4.852	0.9	1.7	1.449	1.126	3.371	7.689	1.3	2.9	1.695	1.789	5.682	8.491	1.3	2.9	1.889	1.791	4.56	8.53	1.3	3.0	0.932	0.714	2.367	4.788	0.8	2.0	0.975	1.6	0.991	1.6	0.33	0.9	0.332	0.9	1.099	1.5	0.88	1.2	0.556	0.8	0.516	0.9	0.507	0.9	0.502	0.9	0.498	0.9	0.613	0.9	0.818	1.3	1.242	1.3	1.274	1.3	0.554	0.8		0.257
23	1.752	1.334	4.463	8.106	1.8	3.5	1.754	1.337	4.457	10.985	1.8	3.5	0.717	0.676	2.699	4.241	1.0	2.5	0.725	0.68	2.699	4.309	1.0	2.6	1.841	1.7	4.839	9.971	2.0	3.4	1.426	1.25	3.679	9.303	1.5	2.3	0.96	0.878	2.1	6.574	0.8	1.6	0.827	0.774	2.166	4.68	1.0	1.7	0.825	0.775	2.201	4.683	1.0	1.7	0.822	0.776	1.963	4.092	1.0	1.7	0.823	0.775	1.993	4.759	1.0	1.7	1.203	1.048	3.129	4.988	1.0	2.2	1.521	1.175	3.467	7.692	1.4	3.2	2.232	1.953	6.317	9.206	1.4	3.2	2.25	1.963	5.169	9.269	1.4	3.2	0.964	0.745	2.374	5.282	0.9	2.0	1.027	1.8	1.029	1.8	0.38	1.0	0.38	1.0	1.128	1.9	0.907	1.5	0.575	0.8	0.539	0.9	0.55	0.9	0.529	0.9	0.518	0.9	0.649	1.0	0.842	1.4	1.258	1.4	1.279	1.4	0.574	0.9		0.3
24	2.103	1.824	4.565	8.216	2.0	4.2	2.105	1.824	4.565	11.21	2.0	4.1	0.868	0.825	2.931	4.331	1.0	2.8	0.872	0.821	2.944	4.372	1.0	2.7	2.005	1.892	5.134	10.225	2.0	3.6	1.498	1.398	3.747	9.564	1.6	2.7	1.101	0.94	2.191	6.785	0.9	1.9	1.091	0.794	2.234	5.661	1.1	2.0	0.913	0.847	2.224	5.561	1.1	2.0	1.063	0.781	2.114	4.101	1.1	2.0	1.076	0.785	2.11	5.537	1.1	2.0	1.261	1.055	3.902	5.663	1.2	2.2	1.707	1.689	3.593	8.435	1.7	3.7	2.287	2.894	7.071	9.515	1.7	3.6	2.331	2.912	5.67	9.892	1.7	3.8	1.166	1.017	2.376	5.88	1.0	2.3	1.048	2.0	1.03	2.0	0.397	1.0	0.399	1.0	1.143	1.9	0.944	1.5	0.635	0.9	0.6	0.9	0.59	0.9	0.582	0.9	0.58	0.9	0.704	1.2	0.948	1.7	1.338	1.7	1.325	1.7	0.581	1.0		0.3
25	2.154	1.966	4.665	9.781	2.2	4.3	2.141	1.975	4.69	11.608	2.2	4.3	0.941	0.86	3.151	4.373	1.2	3.0	0.941	0.856	3.153	4.404	1.2	3.1	2.479	2.004	5.596	10.241	2.2	4.2	1.846	1.606	3.934	10.82	1.8	2.9	1.143	0.97	2.271	6.853	0.9	2.0	1.127	0.942	2.28	5.992	1.1	2.1	1.084	0.935	2.657	5.747	1.1	2.1	1.092	0.933	2.271	4.494	1.1	2.1	1.103	0.93	2.228	5.67	1.1	2.1	1.339	1.67	4.494	5.953	1.4	2.8	1.718	1.734	4.511	8.46	1.8	3.9	2.374	2.932	7.312	10.609	1.8	4.1	2.377	3.004	6.346	10.673	1.8	4.0	1.216	1.069	2.747	5.895	1.2	2.4	1.05	2.0	1.05	2.0	0.501	1.2	0.508	1.2	1.185	2.0	1.049	1.5	0.684	0.9	0.603	0.9	0.595	0.9	0.592	0.9	0.588	0.9	0.721	1.2	0.952	1.8	1.369	1.8	1.377	1.8	0.633	1.1		0.303
26	2.628	2.055	4.903	9.794	2.5	4.4	2.629	2.054	4.902	13.062	2.5	4.4	1.362	0.997	3.205	5.583	1.2	3.7	1.361	0.997	3.194	5.63	1.2	3.3	2.53	2.166	5.845	10.602	2.5	4.2	1.963	1.676	4.094	10.923	2.0	3.0	1.24	0.98	3.258	6.89	1.0	2.1	1.195	0.98	2.967	6.26	1.2	2.2	1.113	0.954	2.872	6.182	1.2	2.2	1.16	0.963	2.875	4.531	1.2	2.2	1.167	0.961	2.875	6.228	1.2	2.2	1.437	1.711	4.77	6.068	1.7	2.9	1.813	1.835	4.886	9.231	1.9	4.1	2.421	3.073	7.651	10.999	1.9	4.2	2.447	3.076	7.098	10.979	1.9	4.3	1.247	1.115	2.812	6.037	1.3	2.4	1.143	2.0	1.137	2.0	0.57	1.2	0.57	1.2	1.288	2.0	1.066	1.5	0.733	0.9	0.696	1.1	0.672	1.1	0.67	1.1	0.665	1.1	0.757	1.2	1.013	1.9	1.379	1.9	1.388	1.9	0.634	1.1		0.307
27	3.048	2.901	5.769	10.93	2.8	4.9	3.096	2.901	5.76	13.34	2.8	4.9	1.376	1.348	3.212	5.995	1.3	3.9	1.369	1.348	3.208	6.067	1.3	5.0	2.769	2.644	6.153	10.946	2.6	4.8	2.307	2.055	4.278	11.234	2.0	3.1	1.278	1.09	3.425	8.326	1.1	2.2	1.206	1.099	3.284	6.806	1.3	2.2	1.171	1.148	3.218	6.791	1.3	2.2	1.188	1.125	3.285	5.283	1.3	2.2	1.19	1.144	3.28	6.794	1.3	2.2	1.732	1.847	5.181	6.512	1.8	3.3	2.387	2.784	5.075	10.968	2.1	4.3	2.894	3.943	7.947	12.66	2.1	4.3	3.961	4.492	7.787	12.914	2.1	4.4	1.611	1.72	3.437	6.827	1.4	2.7	1.154	2.2	1.154	2.2	0.58	1.3	0.595	1.3	1.385	2.2	1.217	1.6	0.769	1.0	0.709	1.1	0.775	1.1	0.774	1.1	0.775	1.1	0.801	1.6	1.074	1.9	1.431	1.9	1.61	2.0	0.699	1.2		0.309
28	3.133	3.242	6.562	11.272	2.8	6.1	3.133	3.242	6.622	15.524	2.8	6.1	1.384	1.457	3.31	6.041	1.9	5.5	1.396	1.445	3.306	6.208	1.8	5.5	3.13	3.297	6.588	12.076	3.2	6.6	2.352	2.68	5.015	11.367	2.3	4.5	1.392	1.303	3.435	8.6	1.3	2.4	1.22	1.384	3.409	7.781	1.4	3.2	1.216	1.378	3.353	7.627	1.4	3.2	1.233	1.357	3.359	5.336	1.4	3.2	1.227	1.356	3.361	7.697	1.4	3.2	1.761	2.006	5.234	6.559	1.8	3.6	2.955	2.969	5.694	11.784	2.5	4.8	3.934	4.494	8.209	13.3	2.5	4.7	3.963	4.564	8.032	13.278	2.5	4.8	1.818	1.953	3.622	7.066	1.6	3.3	1.209	2.8	1.212	2.8	0.676	1.9	0.68	1.8	1.757	2.5	1.386	2.0	0.829	1.3	0.794	1.4	0.809	1.4	0.781	1.4	0.782	1.4	0.898	1.7	1.175	2.5	1.609	2.5	1.739	2.5	0.714	1.6		0.33
29	3.365	4.259	6.945	11.739	3.6	6.1	3.365	4.253	6.92	16.718	3.6	6.2	1.433	1.62	3.642	6.246	2.0	5.5	1.434	1.621	3.663	6.277	1.8	6.9	3.179	3.608	7.157	12.273	3.3	6.8	2.677	3.074	5.756	13.135	2.6	4.6	1.397	1.577	3.896	9.042	1.7	3.0	1.267	1.41	3.435	8.295	2.0	3.3	1.249	1.397	3.51	8.151	1.9	3.2	1.235	1.393	3.367	5.71	1.9	3.3	1.236	1.391	3.371	8.2	1.9	3.3	1.761	2.014	5.713	7.332	2.5	4.0	3.007	3.396	5.803	11.929	2.8	5.8	3.98	4.585	8.53	13.895	2.8	5.8	4.027	4.904	8.134	14.404	2.8	5.8	2.032	2.343	4.026	7.77	2.0	3.8	1.637	3.4	1.637	3.4	0.683	2.0	0.688	1.8	1.841	3.2	1.426	2.3	0.878	1.6	0.796	1.7	0.812	1.7	0.796	1.7	0.805	1.7	1.067	2.2	1.449	2.8	1.695	2.8	1.889	2.8	0.932	2.0		0.335
30	3.846	4.259	7.399	13.068	4.0	6.3	3.831	4.259	7.399	18.703	4.0	6.4	1.606	1.743	4.023	6.895	2.2	5.7	1.607	1.753	4.025	6.867	2.2	7.6	3.226	3.64	7.223	14.621	3.7	7.0	2.716	3.116	5.838	14.072	2.7	4.6	1.424	1.582	4.011	9.664	1.7	3.5	1.297	1.474	3.507	8.967	2.0	3.3	1.282	1.458	3.627	9.225	2.0	3.3	1.318	1.442	3.392	6.206	2.0	3.3	1.314	1.455	3.387	9.222	2.0	3.3	1.799	2.11	6.058	7.36	2.6	4.4	3.103	3.397	6.539	12.888	3.4	5.8	4.04	4.89	9.156	14.517	3.4	5.9	4.133	4.962	8.266	14.76	3.5	5.9	2.067	2.356	4.305	8.057	2.1	3.8	1.675	4.0	1.684	4.0	0.717	2.2	0.725	2.2	1.892	3.4	1.498	2.6	0.96	1.7	0.827	2.0	0.825	1.9	0.815	1.9	0.812	1.9	1.203	2.2	1.521	3.4	2.287	3.4	2.331	3.5	0.964	2.1		0.397
31	3.877	4.279	7.602	13.453	4.5	6.4	3.846	4.279	7.705	19.568	4.5	6.4	1.664	1.743	4.579	7.726	2.3	7.1	1.679	1.757	4.598	7.742	2.3	9.0	3.351	3.759	7.479	14.763	4.9	7.1	2.729	3.181	6.126	14.433	3.3	4.9	1.572	1.592	4.459	10.184	2.0	3.5	1.414	1.569	3.706	9.705	2.3	3.7	1.409	1.559	4.155	9.677	2.3	3.7	1.409	1.584	3.566	6.375	2.3	3.8	1.409	1.569	3.559	9.765	2.3	3.7	2.143	2.135	6.718	7.598	2.6	4.4	3.123	3.44	6.71	13.579	3.7	6.3	4.34	4.932	9.522	15.365	3.7	6.2	4.525	4.967	8.281	15.275	3.9	6.2	2.076	2.377	4.389	9.588	2.5	4.2	1.752	4.2	1.754	4.1	1.348	2.3	1.348	2.3	2.005	4.2	1.56	2.9	0.97	2.0	0.992	2.1	0.846	2.1	0.822	2.1	0.823	2.1	1.268	2.5	1.707	3.7	2.421	3.7	2.447	3.9	0.978	2.3		0.4
32	3.907	4.923	7.799	15.573	4.6	7.9	3.907	4.923	7.818	22.053	4.6	7.9	1.906	1.767	4.706	8.222	2.5	9.0	1.912	1.765	4.705	8.347	2.5	9.0	3.671	4.411	8.431	15.974	4.9	7.5	2.925	3.704	6.314	15.966	3.3	5.6	1.655	2.112	4.745	12.346	2.2	3.5	1.44	2.34	4.28	9.844	2.5	4.0	1.417	2.255	4.391	9.863	2.5	4.0	1.428	2.317	3.972	7.082	2.5	4.0	1.423	2.303	3.935	9.831	2.5	4.0	2.601	2.952	6.846	8.493	2.7	5.1	3.404	4.178	6.856	14.13	3.8	6.4	4.506	4.933	10.742	20.45	3.9	6.4	4.948	5.028	8.765	20.295	3.9	6.5	2.083	2.542	4.575	9.689	2.6	4.3	2.628	4.3	2.629	4.3	1.362	2.5	1.361	2.5	2.496	4.2	2.055	3.0	0.98	2.1	1.099	2.2	0.913	2.2	1.125	2.2	1.144	2.2	1.437	2.6	1.748	3.8	2.894	3.9	3.961	3.9	1.247	2.4		0.462
33	4.074	5.088	7.835	16.736	4.7	8.7	4.054	5.056	7.839	22.094	4.7	8.7	1.96	1.969	5.027	8.288	2.7	10.0	1.955	1.949	5.032	8.4	2.7	10.1	4.188	5.064	8.472	16.194	5.3	8.6	3.189	3.893	7.304	19.267	3.5	5.9	1.817	2.655	4.776	12.662	2.3	4.1	2.0	2.358	4.37	9.97	2.6	4.1	1.911	2.268	5.412	9.936	2.5	4.1	2.025	2.341	4.086	7.444	2.6	4.1	2.027	2.338	4.105	9.955	2.6	4.1	2.752	3.083	7.221	8.872	3.0	5.3	3.742	4.673	7.148	17.004	4.4	8.6	4.808	6.596	11.682	21.455	4.3	8.6	5.282	6.688	9.301	21.692	4.3	8.6	2.248	2.733	4.901	9.897	3.0	5.1	2.901	4.5	2.901	4.5	1.376	2.5	1.369	2.7	2.644	4.8	2.352	3.1	1.24	2.2	1.195	2.2	1.148	2.2	1.16	2.2	1.167	2.2	1.711	2.7	2.387	3.9	3.934	4.1	3.963	4.0	1.611	2.5		0.5
34	4.087	5.093	8.14	17.703	5.2	8.9	4.086	5.079	8.124	22.322	5.2	8.9	1.995	2.017	5.032	8.902	2.8	10.1	1.978	2.017	5.043	8.879	3.1	10.1	4.576	5.135	8.675	17.434	5.5	13.2	3.833	3.913	7.47	19.818	3.9	6.2	2.129	2.868	5.289	13.176	2.6	4.3	2.383	2.554	4.576	11.318	2.9	4.1	2.01	2.548	6.27	10.174	2.9	4.1	2.383	2.554	4.373	7.996	2.9	4.1	2.396	2.569	4.386	9.963	2.9	4.1	3.014	3.284	8.249	10.677	3.3	6.4	3.916	4.813	7.355	18.975	4.5	8.7	4.814	7.183	11.792	22.967	4.6	8.7	5.293	7.345	9.476	23.979	4.8	9.0	2.253	2.741	5.018	10.606	3.0	5.7	3.048	4.7	3.096	4.7	1.433	2.8	1.434	3.1	3.13	5.3	2.677	3.5	1.278	2.2	1.206	2.5	1.171	2.5	1.188	2.5	1.19	2.5	1.732	3.3	2.784	4.5	3.943	4.6	4.027	4.8	1.72	3.0		0.501
35	4.501	5.102	9.246	18.658	5.9	12.0	4.491	5.113	9.255	25.423	5.9	12.0	2.228	2.057	5.362	10.579	3.1	11.4	2.247	2.047	5.383	10.58	3.2	10.4	4.617	5.544	10.535	17.622	5.6	13.7	3.881	4.121	8.103	23.463	4.2	7.7	2.545	3.161	5.489	14.445	2.8	5.9	2.51	2.931	5.521	12.356	3.1	5.6	2.389	2.55	6.407	12.378	3.1	5.6	2.501	2.867	5.539	9.11	3.1	5.5	2.492	2.885	5.515	12.333	3.2	5.6	3.052	3.453	9.603	10.959	3.9	7.4	3.919	4.849	7.57	21.135	5.3	10.0	5.254	7.301	11.88	23.703	5.2	10.0	5.598	7.363	10.637	24.242	5.2	10.0	2.509	2.867	5.726	12.079	3.1	6.9	3.242	5.9	3.242	5.9	1.457	3.1	1.445	3.2	3.179	5.5	2.68	4.2	1.303	2.8	1.22	3.1	1.216	3.1	1.233	3.1	1.227	3.2	1.761	3.9	2.955	5.3	3.961	5.2	4.133	5.2	1.953	3.1		0.57
36	4.558	5.172	9.67	19.568	6.2	12.7	4.558	5.145	9.671	47.301	6.2	12.7	2.249	2.182	6.517	14.134	3.2	12.0	2.398	2.179	6.521	14.383	3.5	11.3	5.029	5.727	10.972	17.624	5.8	14.9	3.885	4.397	9.055	24.651	4.7	9.2	2.714	3.162	6.986	20.616	2.8	6.3	2.535	2.984	6.046	16.039	3.2	6.7	2.537	2.911	6.747	15.696	3.2	6.6	2.514	2.945	6.281	9.517	3.2	6.6	2.507	2.98	6.226	16.535	3.2	6.5	3.076	3.585	10.953	11.229	4.3	8.8	4.002	4.958	9.559	21.588	6.0	11.8	5.309	7.406	12.533	24.081	6.1	11.8	5.65	7.456	11.92	26.075	5.9	12.2	2.692	2.879	6.124	12.2	3.3	7.4	3.846	6.1	3.831	6.1	1.542	3.2	1.552	3.5	3.226	5.6	2.716	4.6	1.392	2.8	1.267	3.2	1.249	3.2	1.235	3.2	1.236	3.2	1.761	4.0	2.969	5.8	3.98	5.8	4.492	5.8	2.067	3.3		0.683
37	5.491	5.198	10.574	22.028	6.8	13.8	5.458	5.171	10.639	50.707	6.8	13.8	2.498	2.581	8.309	14.377	3.6	13.3	2.508	2.578	8.39	14.426	3.6	11.4	5.863	6.703	11.643	21.729	6.8	15.6	3.898	4.446	9.69	27.204	4.8	10.4	2.745	3.178	7.225	20.944	2.9	6.3	2.558	2.992	6.582	17.247	3.3	7.4	2.54	2.99	7.058	16.365	3.3	7.5	2.516	2.971	6.288	9.645	3.3	7.6	2.515	2.983	6.547	17.66	3.3	7.4	3.241	3.93	11.283	11.723	4.3	9.1	4.531	5.112	9.845	23.711	6.2	13.1	5.544	7.443	13.025	26.877	6.2	13.2	5.908	7.597	12.325	28.045	6.2	13.4	2.75	2.952	6.234	13.006	3.7	8.6	3.877	6.2	3.846	6.2	1.549	3.6	1.553	3.6	3.297	6.6	2.729	4.6	1.397	2.9	1.414	3.3	1.417	3.2	1.428	3.3	1.423	3.3	1.799	4.3	3.007	6.0	4.04	6.1	4.524	5.9	2.076	3.7		0.717
38	5.761	5.333	10.619	22.074	7.2	14.1	5.759	5.331	10.684	51.022	7.2	14.1	2.615	2.736	8.401	18.411	3.7	14.1	2.622	2.735	8.4	18.632	3.7	11.4	6.012	6.767	11.84	24.27	7.1	15.6	3.916	4.672	9.767	27.451	4.9	10.7	3.145	3.392	7.475	21.127	3.0	7.3	2.589	3.064	6.982	18.621	3.8	7.6	2.566	3.002	7.41	18.274	3.8	7.6	2.695	2.975	6.59	9.854	3.8	7.6	2.598	2.992	6.644	19.114	3.8	7.5	4.049	4.335	11.624	12.254	4.4	9.8	5.247	5.326	10.606	25.367	6.6	13.3	5.789	8.003	17.412	34.031	6.5	13.3	6.508	8.601	12.486	32.025	6.8	13.4	3.144	3.048	6.254	14.057	3.8	8.8	3.907	6.4	3.907	6.4	1.606	3.7	1.607	3.7	3.351	6.8	3.189	4.8	1.424	3.0	1.569	3.3	1.559	3.3	1.584	3.3	1.569	3.3	2.135	4.4	3.103	6.3	4.494	6.2	4.564	6.2	2.083	3.8		0.769
39	6.836	6.575	11.668	22.165	7.4	15.6	6.811	6.557	11.754	56.075	7.3	15.7	2.639	2.81	11.107	19.257	4.2	14.3	2.631	2.807	11.269	19.143	4.0	13.7	6.349	6.954	12.169	24.998	7.3	16.4	4.462	4.685	10.035	44.463	5.0	11.3	3.773	3.523	7.82	23.859	3.6	7.3	3.302	3.294	7.108	19.996	3.8	7.7	2.76	3.009	8.878	19.568	3.8	7.7	3.283	3.205	6.858	12.263	3.8	7.6	3.315	3.253	6.813	19.152	3.8	7.7	4.123	4.346	12.036	14.956	5.5	10.4	5.865	5.842	10.947	28.188	6.8	13.5	6.134	8.637	20.082	34.687	6.8	13.6	6.653	8.741	13.375	34.189	6.9	13.8	3.912	3.518	6.697	14.23	4.0	8.8	4.074	6.8	4.054	6.8	1.906	4.2	1.912	4.0	4.188	7.1	3.274	4.9	2.129	3.5	2.34	3.7	1.911	3.7	2.317	3.8	2.303	3.7	2.752	4.4	3.742	6.6	4.506	6.5	4.904	6.8	2.248	3.8		0.9
40	6.887	7.239	12.086	25.498	11.5	17.0	6.832	7.195	12.086	56.242	11.5	17.0	3.426	2.866	11.258	20.621	4.5	15.1	3.424	2.881	11.326	21.024	4.7	13.9	6.46	7.142	12.448	35.591	8.5	16.6	5.28	5.585	10.195	48.018	5.5	11.7	3.794	3.549	7.952	28.184	3.9	7.4	3.347	3.806	7.579	21.341	4.0	8.8	3.169	3.81	9.273	20.833	4.0	8.8	3.346	3.774	7.236	19.152	4.0	8.7	3.477	3.803	7.292	21.936	4.0	8.8	4.64	4.64	12.439	25.851	7.2	11.3	6.24	6.38	11.787	28.946	9.4	16.1	6.208	8.913	20.202	36.627	9.5	16.2	8.187	9.055	13.587	34.382	9.4	16.2	4.263	4.14	7.02	14.871	6.6	10.1	4.087	7.4	4.086	7.3	1.96	4.5	1.955	4.7	4.411	7.3	3.833	5.0	2.545	3.6	2.51	3.8	2.268	3.8	2.501	3.8	2.492	3.8	3.014	5.3	3.916	6.8	4.814	6.8	5.282	6.9	2.253	4.2		0.97
41	7.277	7.31	12.437	46.166	11.5	17.7	7.277	7.308	12.581	56.484	11.5	17.7	3.539	2.973	14.214	21.151	6.6	15.9	3.548	2.983	14.212	21.116	6.2	15.6	7.055	7.742	13.068	52.74	8.8	18.0	5.45	6.64	10.954	71.971	6.7	12.6	3.969	4.276	8.027	30.699	4.9	8.1	3.583	3.958	7.635	22.723	5.2	8.9	3.307	3.821	10.347	22.775	5.2	8.8	3.536	3.786	7.44	20.252	5.2	8.9	3.534	3.844	7.474	22.678	5.2	8.8	4.818	5.222	20.13	27.539	7.6	11.6	6.432	6.746	11.877	32.85	10.0	16.2	8.129	9.173	22.864	42.835	9.9	16.2	8.204	9.326	14.557	35.32	10.6	16.9	4.268	4.154	7.262	28.106	6.7	10.7	4.501	8.7	4.491	8.7	1.995	5.5	1.978	5.5	4.576	8.5	3.881	6.2	2.655	4.3	2.535	4.1	2.537	4.1	2.514	4.1	2.507	4.1	3.052	5.5	3.919	8.7	5.254	8.7	5.293	8.6	2.509	5.7		1.16
42	7.935	7.617	12.977	50.707	12.8	18.1	7.948	7.578	13.151	59.939	12.8	18.1	3.677	3.21	15.605	24.101	8.0	16.1	3.685	3.22	15.483	24.129	7.8	15.9	7.422	7.956	15.434	55.488	12.9	19.3	6.251	6.706	10.981	74.573	9.9	14.0	4.108	4.36	8.04	33.758	6.0	8.6	3.635	3.987	8.257	22.75	6.9	10.1	3.405	3.896	10.606	22.878	6.8	10.1	3.542	3.867	7.791	22.737	6.8	10.1	3.534	3.898	7.773	22.747	6.8	10.1	4.842	5.274	24.769	29.445	7.9	12.6	6.438	6.862	12.188	33.354	11.4	16.7	8.17	9.248	23.772	42.899	11.4	16.8	8.275	9.66	15.109	35.355	11.6	17.5	4.293	4.433	7.47	32.587	7.1	10.8	4.903	11.5	4.902	11.5	2.182	6.6	2.179	6.2	5.135	12.9	3.898	6.7	2.714	4.9	2.554	5.2	2.54	5.2	2.516	5.2	2.515	5.2	3.129	7.2	4.531	9.4	5.309	9.5	5.908	9.4	2.692	6.6		1.188
43	8.006	8.016	14.766	51.022	12.9	19.3	8.006	8.049	14.802	66.062	12.9	19.1	3.863	4.407	15.831	24.126	8.2	16.5	3.889	4.425	15.842	24.139	7.9	16.6	7.476	8.699	16.693	60.807	13.8	19.8	6.351	6.981	13.921	78.842	10.8	14.0	4.119	4.378	8.971	37.375	6.4	9.0	3.683	4.477	8.687	28.075	7.4	10.2	3.539	4.207	10.731	28.076	7.3	10.2	3.648	4.591	8.578	22.738	7.3	10.1	3.601	4.575	8.634	28.109	7.3	10.2	5.248	5.505	26.23	29.996	8.3	13.0	6.699	7.155	13.717	34.996	11.7	17.4	8.64	9.74	28.338	42.906	11.7	17.4	8.957	9.811	16.667	35.371	11.6	17.6	4.374	4.492	9.698	32.796	7.6	11.3	4.923	11.5	4.923	11.5	2.249	7.1	2.398	7.8	5.596	13.7	3.913	7.7	2.868	5.9	2.558	5.6	2.548	5.6	2.554	5.5	2.569	5.6	3.241	7.9	4.673	10.0	5.789	9.9	6.346	10.6	2.747	6.7		1.235
44	8.197	8.102	17.277	56.075	13.8	19.5	8.165	8.102	17.291	95.215	13.8	19.6	4.233	4.619	18.148	24.167	8.2	17.3	4.239	4.636	18.296	24.143	8.2	16.7	8.203	9.325	17.493	61.358	14.0	23.2	6.416	7.623	14.019	115.369	11.2	14.7	4.13	4.392	9.067	39.416	6.8	9.7	4.226	5.052	9.093	28.145	7.5	10.5	3.58	4.641	20.511	28.116	7.6	10.6	4.257	4.968	8.955	28.081	7.5	10.3	4.266	4.973	9.014	28.145	7.6	10.4	5.433	5.66	27.81	30.937	8.4	13.0	6.81	7.428	14.818	35.038	12.9	18.3	9.083	10.416	38.021	46.051	12.9	18.4	9.26	11.912	17.36	37.024	12.9	18.4	4.429	4.899	9.844	34.346	7.9	11.4	5.333	12.7	5.331	12.7	2.498	8.0	2.508	7.9	5.863	13.8	3.916	9.2	3.145	6.0	2.589	6.7	2.55	6.6	2.695	6.6	2.598	6.5	3.453	8.3	4.958	11.4	6.134	11.4	6.508	11.6	2.952	7.1		1.278
45	8.357	8.187	18.13	56.242	14.8	20.8	8.313	8.187	18.102	105.996	14.8	20.9	4.804	4.649	18.516	25.627	8.9	17.3	4.798	4.672	18.519	25.918	8.2	16.9	8.206	10.152	19.815	67.292	14.1	23.3	7.048	7.995	16.36	124.323	11.5	14.7	4.221	4.785	9.106	39.591	7.1	9.8	4.51	5.127	10.708	28.213	8.0	10.5	3.749	5.06	20.92	28.177	8.0	10.6	4.377	5.424	9.91	28.106	8.0	10.7	4.424	5.414	9.937	28.166	8.0	10.7	5.735	6.369	29.452	30.971	8.6	13.9	7.422	7.733	16.544	35.043	12.9	18.5	10.245	11.806	47.109	48.05	13.0	18.5	10.386	12.274	20.964	46.981	13.2	19.2	4.532	5.113	10.361	34.483	8.5	11.8	5.761	13.8	5.759	13.8	2.615	8.2	2.622	8.2	6.012	14.0	4.121	10.7	3.162	6.3	2.967	7.4	2.566	7.3	2.875	7.3	2.875	7.3	3.902	8.4	5.075	12.9	6.208	12.9	6.653	12.9	3.048	7.9		1.3
46	8.573	9.34	18.75	56.484	15.4	24.0	8.563	9.367	18.75	121.045	15.4	24.0	4.939	5.124	19.456	25.875	9.0	18.3	5.017	5.127	19.462	25.918	8.8	17.6	9.252	10.423	20.032	71.566	14.2	23.4	7.052	8.286	17.504	137.98	11.6	18.2	4.533	5.301	9.134	40.291	7.3	11.9	4.937	5.37	11.292	28.692	8.2	12.6	4.144	5.511	22.611	28.458	8.2	12.6	4.854	5.516	10.58	28.131	8.2	12.6	4.851	5.499	10.578	28.594	8.2	12.7	6.18	6.696	35.074	37.843	8.7	14.5	8.089	7.742	17.528	43.286	13.4	20.5	11.53	12.209	47.442	55.143	13.4	20.5	11.887	12.656	25.627	54.378	13.6	20.8	4.621	5.532	10.664	34.584	8.5	13.2	6.562	13.8	6.557	13.8	2.639	8.9	2.631	8.2	6.153	14.1	4.278	10.8	3.425	6.4	3.294	7.5	2.872	7.6	3.205	7.5	3.253	7.5	4.049	8.6	5.842	12.9	6.317	13.0	7.456	13.2	3.518	8.5		1.303
47	9.316	9.709	21.556	60.147	15.5	25.0	9.338	9.701	21.307	131.219	15.4	25.0	5.365	5.176	19.641	26.293	9.3	19.4	5.366	5.179	19.704	26.384	9.3	19.4	9.281	10.981	21.963	71.913	14.4	24.6	7.7	9.069	17.838	153.965	12.5	18.3	4.605	5.513	11.504	40.349	7.3	12.2	5.056	5.521	11.423	32.734	8.6	12.9	4.764	5.571	25.865	32.854	8.6	13.0	5.067	5.645	10.703	28.219	8.7	13.0	5.085	5.657	10.74	32.955	8.7	13.1	6.223	7.051	39.172	39.308	8.8	14.7	8.12	8.21	18.291	54.216	13.5	21.9	12.53	12.96	49.558	69.941	13.5	22.0	12.479	13.033	27.847	56.581	13.6	21.9	5.228	5.664	11.743	37.474	8.6	14.1	6.575	14.8	6.622	14.8	2.736	9.0	2.735	8.8	6.46	14.4	5.28	11.2	3.773	6.8	3.302	7.6	3.169	7.6	3.283	7.6	3.387	7.6	4.346	8.7	6.24	13.4	7.443	13.4	8.187	13.6	4.026	8.5		1.433
48	9.672	10.879	22.27	64.623	15.7	25.2	9.671	10.941	22.388	140.992	15.9	25.0	5.372	5.428	26.283	43.265	9.3	19.7	5.371	5.434	26.36	43.273	9.4	19.7	9.832	11.107	24.72	71.958	15.3	25.5	7.956	9.1	18.26	159.826	12.7	18.3	4.703	5.63	11.813	40.371	7.6	12.6	5.169	5.749	12.505	38.291	8.9	13.5	5.125	5.614	32.233	38.632	8.9	13.5	5.112	5.666	11.614	32.859	9.0	13.6	5.099	5.662	11.641	38.361	8.8	13.6	7.059	7.216	57.624	44.171	8.9	14.8	8.513	9.55	18.537	69.081	13.5	22.4	12.774	16.281	56.939	87.559	13.5	22.2	13.361	16.422	29.554	70.351	13.6	22.2	5.319	6.108	11.928	45.513	8.6	14.6	6.836	15.4	6.811	15.4	2.931	9.3	2.944	9.3	6.588	14.9	5.45	11.6	4.011	7.1	3.507	8.0	3.405	8.0	3.392	8.0	3.477	8.0	4.818	8.8	6.38	13.5	8.129	13.5	8.204	13.6	4.154	8.6		1.542
49	10.497	10.942	26.496	95.205	16.7	25.6	10.533	10.972	26.499	146.841	16.7	25.1	5.418	5.496	29.356	48.043	9.4	22.5	5.436	5.516	29.318	48.005	9.8	22.3	10.493	11.119	34.316	80.099	16.2	27.6	8.407	9.105	27.998	179.209	12.7	18.4	4.938	5.84	21.456	64.008	7.7	14.1	5.442	6.059	20.832	42.118	9.2	13.7	5.462	5.735	32.59	41.84	9.2	13.6	5.328	6.062	20.153	38.365	9.2	13.6	5.332	6.058	20.224	41.956	9.3	13.9	7.33	7.571	59.719	45.576	9.1	15.5	8.686	10.163	24.591	71.698	13.6	23.8	13.429	16.767	72.088	121.365	13.6	24.1	13.509	16.896	38.304	88.232	13.7	24.0	5.377	6.19	15.407	58.076	8.7	15.1	6.887	15.5	6.832	15.4	3.151	9.3	3.153	9.4	6.954	15.3	5.585	12.5	4.108	7.3	3.635	8.6	3.51	8.6	3.536	8.7	3.534	8.7	5.181	8.9	6.432	13.5	8.17	13.5	8.275	13.6	4.263	8.6		2.1
50	10.66	11.389	33.075	105.762	16.8	27.8	10.672	10.986	33.044	169.833	16.8	27.8	5.723	5.583	51.347	58.542	9.8	23.4	5.724	5.592	50.937	58.616	10.0	24.1	11.864	12.606	39.746	115.632	16.3	30.1	9.51	9.203	33.812	180.089	12.9	20.4	5.292	6.085	23.237	83.145	7.8	15.0	5.655	6.091	21.124	48.047	9.2	14.8	5.675	6.577	53.284	47.928	9.3	14.7	5.62	6.317	20.769	41.774	9.3	14.8	5.602	6.319	20.717	47.54	9.4	14.7	7.84	7.716	71.984	56.533	9.2	17.0	8.993	10.58	29.629	74.025	13.9	24.5	14.293	16.883	76.865	134.081	13.9	24.7	14.311	17.233	49.918	122.522	13.9	25.0	5.499	6.256	22.288	64.735	8.9	15.4	7.617	15.7	7.578	15.9	3.426	9.4	3.424	9.8	7.055	16.2	5.756	12.7	4.119	7.6	3.683	8.9	3.539	8.9	3.542	9.0	3.534	8.8	5.222	9.1	6.438	13.5	8.53	13.6	8.741	13.7	4.268	8.6		2.179
51	11.234	11.706	41.559	120.097	16.9	31.1	11.278	11.646	41.716	172.285	16.9	31.4	5.732	7.782	56.088	67.719	10.0	24.8	5.785	7.764	56.088	67.834	10.4	25.6	12.035	12.654	40.242	120.861	17.6	34.0	9.75	9.515	34.714	182.166	13.1	22.5	6.298	6.165	25.744	83.168	7.8	15.2	5.759	6.613	21.617	63.243	9.6	15.0	5.714	6.604	56.615	64.124	9.6	14.9	5.685	6.624	23.758	47.107	9.4	14.9	5.68	6.566	22.709	63.438	9.5	14.9	8.082	8.116	74.38	59.785	9.4	19.6	9.932	10.813	41.256	108.867	14.6	27.1	15.014	17.524	86.661	140.48	14.7	27.0	15.241	17.588	53.406	143.115	14.7	27.6	6.019	6.271	25.366	65.346	9.3	17.6	7.835	16.7	7.839	16.7	3.539	9.8	3.548	10.0	7.422	16.3	6.251	12.7	4.13	7.7	3.806	9.2	3.58	9.2	3.786	9.2	3.844	9.3	5.433	9.1	6.699	13.6	8.637	13.6	8.765	13.8	4.293	8.7		2.268
52	11.385	11.99	49.611	132.125	18.0	32.1	11.395	12.093	49.611	173.144	18.0	32.0	5.971	8.144	58.866	68.402	10.6	28.2	5.98	8.134	58.882	68.482	10.5	30.0	12.188	12.808	85.351	122.225	18.3	36.8	9.978	9.803	40.725	194.527	13.7	23.8	6.525	7.213	32.97	104.998	8.0	15.3	6.02	6.798	26.777	75.876	9.6	15.1	5.819	6.857	72.682	76.402	9.7	15.1	5.775	6.725	25.903	49.113	9.6	15.1	5.716	6.664	25.837	76.274	9.6	15.1	8.316	8.427	78.618	64.178	11.2	21.2	10.452	10.984	48.964	130.595	16.4	30.2	15.896	22.413	96.669	144.426	16.4	30.1	16.648	21.044	58.327	147.916	16.7	30.2	6.787	6.814	33.441	80.541	10.3	18.8	7.935	16.8	7.948	16.8	3.863	10.0	3.889	10.1	7.476	17.6	6.351	12.9	4.221	7.8	4.226	9.2	3.749	9.3	4.257	9.3	4.266	9.4	5.66	9.2	6.71	13.9	8.64	13.9	8.957	13.9	4.374	8.9		2.548
53	11.496	12.663	75.452	140.585	18.8	35.1	11.554	12.87	75.973	191.447	18.7	34.8	6.727	8.156	59.206	75.385	10.7	32.1	6.725	8.147	59.14	75.51	10.7	31.4	12.799	12.841	94.073	129.227	19.3	38.0	10.811	11.23	76.175	371.648	14.0	24.0	6.837	7.543	37.618	110.668	8.5	17.7	6.189	6.929	40.257	91.46	10.4	17.7	6.135	6.913	72.968	90.869	10.3	17.7	6.1	6.777	41.713	49.736	10.4	17.7	6.114	6.773	41.701	90.266	10.4	17.7	8.541	8.677	91.572	71.27	12.5	21.5	10.593	11.587	60.488	133.186	17.2	30.6	16.529	22.436	147.023	160.964	17.2	30.8	17.033	22.623	61.308	150.855	17.4	31.8	6.911	7.693	44.923	81.269	10.9	19.1	8.006	16.9	8.006	16.9	4.233	10.1	4.239	10.4	8.206	18.3	7.048	13.1	4.276	8.0	4.51	9.6	3.821	9.6	4.373	9.4	4.386	9.5	5.713	11.2	7.422	14.6	9.522	14.7	9.476	14.7	4.532	9.3		2.615
54	12.594	13.648	78.174	141.699	19.3	37.1	12.708	13.648	81.487	235.013	19.3	37.1	7.351	8.228	76.89	75.747	10.9	32.2	7.359	8.315	76.616	76.197	10.9	33.2	15.067	14.633	99.488	130.246	19.5	45.4	10.971	11.439	76.432		14.3	24.3	6.865	7.802	45.22	116.876	9.3	19.1	7.602	7.834	54.959	99.707	10.6	19.1	7.473	7.665	73.603	91.384	10.5	19.3	7.439	7.706	52.483	50.94	10.6	19.1	7.482	7.674	53.075	101.053	10.6	19.0	8.798	11.978	110.442	74.709	12.6	22.2	11.573	13.663	75.492	139.727	17.4	33.7	17.959	22.643	151.08	164.983	17.4	33.9	17.906	22.9	78.942	180.697	17.4	35.3	7.495	8.241	46.417	85.054	11.3	20.1	8.197	17.7	8.165	17.7	4.649	10.7	4.672	10.7	8.431	19.5	7.052	13.7	4.533	8.1	4.576	9.6	4.144	9.7	4.377	9.6	4.424	9.6	5.735	11.3	7.57	16.4	10.245	16.4	10.386	16.7	4.621	10.3		2.631
55	13.943	13.836	102.674	147.281	21.0	38.9	13.936	13.729	104.809	272.923	21.0	38.9	7.567	8.643	82.181	85.131	11.7	34.7	7.572	8.641	82.613	87.705	11.7	35.1	15.367	18.585	125.157	131.825	20.2	50.0	12.493	14.662	89.346		16.1	24.7	7.724	8.375	48.442	129.009	10.4	20.2	7.919	8.963	57.038	100.383	11.0	19.4	7.473	8.716	76.947	99.208	11.1	19.4	7.516	8.947	56.031	63.542	11.2	19.4	7.518	8.963	55.965	102.432	11.1	19.4	10.358	12.295	111.893	75.867	12.7	22.7	13.828	14.924	76.225	141.66	19.1	34.9	19.599	23.665	183.128	165.363	19.0	34.9	19.723	24.62	83.239	180.797	19.0	36.5	9.055	9.08	52.768	88.002	12.0	20.8	8.573	18.0	8.563	18.0	4.939	10.9	5.017	10.9	9.252	19.8	7.47	14.0	4.605	8.5	4.937	10.1	4.391	10.1	4.854	10.1	4.851	10.1	5.953	12.5	8.089	17.4	11.53	17.4	11.887	17.4	5.018	11.3		2.8
56	15.259	15.134	104.473	171.91	24.0	40.9	15.713	15.65	107.128	421.365	24.1	41.3	8.156	11.054	85.589	98.359	13.1	38.3	8.184	11.003	85.67	98.003	12.2	36.6	15.777	18.806	132.817	160.676	24.1	58.4	13.428	17.082	105.066		17.5	27.6	8.331	9.191	65.988	136.182	11.0	21.2	8.007	10.06	67.767	102.733	11.6	19.6	7.841	10.134	90.857	99.539	11.5	19.7	7.788	9.855	69.731	70.58	11.4	19.8	7.775	9.782	69.997	102.669	11.5	19.7	10.975	12.649	129.122	98.988	13.8	23.1	14.909	15.157	78.037	167.189	20.2	36.9	21.77	23.738	187.29	195.293	20.3	37.2	22.614	25.605	87.308	185.115	20.4	36.7	9.265	9.945	68.714	89.017	12.4	21.4	9.316	18.8	9.338	18.7	5.362	11.4	5.371	11.7	9.281	20.2	7.7	14.3	4.703	9.3	5.056	10.2	4.764	10.2	5.067	10.3	5.085	10.2	6.18	12.7	8.12	17.4	12.53	17.4	12.479	17.6	5.228	11.4		2.931
57	16.6	18.901	107.112	172.967	25.1	41.3	16.744	18.742	110.215		25.2	41.4	9.457	11.261	99.18	113.789	14.6	42.9	9.296	11.286	99.847	114.478	13.5	37.2	18.838	18.893	138.77	171.835	25.0	69.2	16.791	17.339	109.131		17.5	38.7	9.02	11.324	75.646	139.475	11.1	21.8	10.258	10.689	71.742	119.936	12.7	21.0	10.259	10.861	101.367	109.543	12.7	21.5	10.111	10.58	72.908	75.206	12.7	21.4	10.033	10.506	72.977	123.4	12.7	21.2	12.653	12.663	153.81	111.541	13.9	25.7	16.41	15.35	79.855	167.494	21.2	37.4	22.414	27.948	224.484	205.725	21.1	37.4	23.044	28.395	94.053	192.63	21.7	37.7	9.767	10.024	71.47	99.002	12.5	21.4	9.672	25.1	9.671	25.2	5.418	11.7	5.436	12.2	9.832	25.0	7.956	16.1	4.938	11.0	5.169	11.0	5.125	11.1	5.112	11.2	5.099	11.1	7.059	13.0	8.513	20.2	12.774	20.3	13.361	20.4	5.319	12.0		3.0
58	17.038	26.65	133.496	173.144	26.0	52.6	16.932	26.499	132.328		26.0	52.4	9.963	12.606	114.048	158.738	14.7	52.1	9.575	12.63	113.821	114.553	14.6	38.0	18.871	35.097	173.269	177.948	31.3	123.4	17.448	28.114	109.25		19.5	39.6	11.123	21.921	113.784	143.08	11.8	22.0	10.551	20.668	79.447	120.148	13.0	24.1	10.696	20.568	132.71	112.647	13.1	24.2	10.41	20.297	79.14	91.04	13.1	23.9	10.291	20.056	79.064	123.67	13.0	24.1	15.535	20.583	218.586	113.198	14.7	30.2	18.544	24.537	140.906	173.648	21.4	49.7	24.047	38.649	224.543	239.809	21.6	49.7	25.557	38.575	158.351	196.515	21.7	51.0	10.111	15.489	85.723	103.96	13.4	31.8	10.497	26.0	10.533	26.0	5.583	13.1	5.592	13.5	10.493	31.3	8.407	17.5	5.289	11.1	5.442	11.6	5.462	11.5	5.328	11.4	5.332	11.5	7.84	13.8	8.686	21.2	15.014	21.1	15.241	21.7	5.377	12.4		3.151
59	25.086	33.144	159.298	191.21	26.8	58.4	25.226	33.029	159.369		26.7	57.8	10.54	18.507	115.28	159.398	16.3	56.8	10.564	18.509	115.282	145.818	15.3	47.0	33.792	41.538	254.272	230.609	33.5	168.4	26.639	32.791	131.067		21.2	47.1	20.624	25.839	120.779	144.389	11.9	23.1	19.929	21.585	94.419	125.305	13.6	26.3	19.62	22.563	140.748	112.687	13.6	26.1	19.282	23.698	93.857	100.919	13.5	26.2	19.264	23.714	93.576	129.693	13.5	26.1	23.673	24.755	229.447	138.51	18.9	45.7	28.27	29.758	141.682	178.342	23.4	53.0	36.818	43.454	240.438	263.951	23.4	51.9	36.353	45.244	159.103	226.06	23.6	54.5	14.524	22.275	94.545	109.541	14.6	32.3	10.619	26.8	10.672	26.7	5.971	14.7	5.98	14.6	11.864	33.5	9.51	21.2	5.292	11.8	5.759	12.7	5.714	12.7	5.62	12.7	5.602	12.7	8.082	18.9	8.993	23.4	15.896	23.4	16.422	23.6	5.499	14.6		3.2
60	31.143	34.984	170.6	234.62	28.5	74.6	31.128	34.964	170.014		28.5	73.7	16.463	18.738	173.985	180.212	17.0	57.1	16.414	18.741	173.963	161.042	16.3	53.0	59.274	83.032	268.512	546.989	36.0	169.5	28.904	33.77	139.277		25.1	61.0	24.039	27.218	122.726	144.848	13.2	32.0	22.108	25.313	103.94	133.865	15.5	32.8	21.878	24.683	153.404	129.254	15.2	32.8	22.077	24.934	103.166	131.514	15.2	32.7	22.059	25.002	103.169	132.771	15.2	32.8	27.223	25.709	229.742	144.231	20.2	48.9	32.139	36.14	152.784	180.584	25.9	73.3	41.948	46.931	250.894	296.705	25.5	73.3	41.445	48.177	184.729	240.802	26.3	72.9	19.941	22.577	110.249	123.547	16.1	46.8	11.385	28.5	11.395	28.5	6.727	16.3	6.725	16.3	12.035	36.0	9.978	25.1	6.865	13.2	5.992	15.5	5.819	15.2	5.685	15.2	5.67	15.2	8.249	20.2	10.452	25.9	16.281	25.5	17.033	26.3	6.019	16.1		3.283
61	37.314	43.753	191.604	275.044	31.8	79.6	37.445	43.786	191.582		31.8	79.3	20.055	19.924	174.047	196.394	18.6	69.2	20.06	19.844	174.017	172.259	18.4	69.0	81.838	90.442	399.986		43.5	170.4	34.206	41.427	180.093		25.2	100.5	30.357	33.926	140.352	218.96	15.2	39.6	26.437	27.269	116.951	186.212	15.5	41.6	26.083	26.098	183.73	187.422	15.5	41.9	26.123	26.426	116.338	187.364	15.4	41.7	26.434	26.252	116.562	188.308	15.5	41.7	30.327	28.079	234.516	260.022	20.9	53.7	39.049	46.605	171.205	262.242	27.8	76.0	46.133	48.596	375.248	332.087	27.9	75.1	51.436	59.471	187.941	278.104	29.8	77.3	24.122	28.516	113.066	190.762	17.2	47.4	11.496	31.8	11.554	31.8	8.156	18.6	8.184	18.4	12.169	43.5	10.971	25.2	7.543	15.2	7.602	15.5	7.41	15.5	7.44	15.4	7.474	15.5	10.358	20.9	10.593	27.8	17.524	27.9	17.588	29.8	7.47	17.2		3.539
62	65.73	51.563	205.235	421.365	34.7	134.9	65.753	51.563	205.115		34.6	134.7	26.215	23.904	205.177	249.687	20.6	84.8	26.298	23.883	206.431	181.041	20.8	88.2	84.601	98.615	406.894		68.4	174.8	52.801	41.464	213.447		28.4	111.4	31.29	35.315	150.225	295.772	15.5	60.4	30.554	31.268	133.612	190.358	18.2	70.0	29.598	30.684	192.863	191.875	18.3	70.2	28.865	31.084	132.203	187.679	18.2	70.4	28.939	31.076	132.063	190.448	18.1	70.6	44.37	33.123	253.326		24.5	74.9	60.937	50.283	181.962	277.385	31.0	124.8	46.236	58.722	517.281	482.955	31.2	124.8	61.266	60.087	243.337	299.423	31.4	124.9	40.333	34.085	138.746	260.482	19.4	70.7	13.836	34.7	13.729	34.6	9.457	20.6	9.296	20.8	17.434	68.4	14.019	27.6	8.326	15.5	10.06	18.2	10.134	18.3	9.854	18.2	9.782	18.1	10.975	22.7	13.663	31.0	21.77	31.2	22.614	31.4	9.08	19.4		3.6
63	68.694	53.229	213.343		43.3	159.1	68.76	53.272	213.287		43.2	159.1	28.805	23.925	231.679	493.884	21.3	95.7	28.817	23.953	232.71	197.726	21.2	103.7	85.767	116.016	481.892		90.7	194.2	70.143	43.73	223.871		30.5	116.0	33.469	36.296	175.651	317.918	15.9	63.8	38.108	31.543	134.429	224.341	21.8	74.0	31.164	30.709	216.133	224.204	21.8	74.2	38.152	31.087	141.264	223.818	21.7	74.6	38.167	31.418	141.265	224.307	21.6	73.8	55.596	46.878	264.902		24.7	76.5	61.037	54.48	213.879	311.048	36.1	129.3	48.77	64.737	586.251		36.1	128.5	61.759	64.313	245.505	325.875	36.8	128.2	44.331	34.487	153.477	271.565	20.8	74.0	15.134	37.1	15.65	37.1	9.963	21.3	9.575	21.2	18.585	90.7	16.791	28.4	8.6	15.9	10.551	19.6	10.174	19.7	9.855	19.8	9.937	19.7	11.624	24.5	14.909	34.9	22.414	34.9	23.044	35.3	10.024	20.8		3.749
64	95.04	67.749	317.388		47.2	169.7	94.724	67.151	316.807		47.2	169.7	54.287	25.526	460.658		28.2	102.3	54.195	25.54	460.763	250.398	27.9	115.4	91.851	126.687			107.4	201.5	73.959	72.863	329.942		34.8	126.0	35.849	36.844	190.628	373.085	19.5	66.5	41.18	41.857	167.053	285.592	22.0	77.6	31.768	32.178	216.216	286.433	22.0	77.7	41.423	40.635	165.367	285.581	22.0	77.6	41.441	41.274	166.045	286.741	22.0	77.3	59.806	54.296			26.4	79.6	65.276	59.763	234.695	465.101	42.6	136.9	52.072	72.094			42.8	136.1	66.957	74.683	245.74	476.685	42.8	140.0	46.02	45.695	176.918	304.852	24.6	78.1	18.75	43.3	18.75	43.2	10.54	23.4	10.564	24.1	18.806	107.4	17.082	30.5	11.123	19.5	11.292	21.8	10.696	21.8	10.41	21.7	10.291	21.6	12.649	24.7	18.537	36.1	36.627	36.1	36.353	36.8	10.361	21.4		4.1
65	100.289	97.654	318.734		48.1	171.2	99.969	97.617	318.579		48.0	170.6	58.158	51.706			33.1	130.0	58.304	51.762		393.259	28.6	126.8	91.981	129.887			107.8	475.4	75.226	80.205	329.992		60.4	138.0	39.684	43.73	218.658		23.0	86.1	42.127	50.145	206.303	506.303	26.1	83.8	32.9	50.771	563.86	543.844	26.0	83.7	42.124	50.272	198.764	506.735	26.1	83.7	41.488	50.328	198.794	509.809	26.1	83.3	63.434	56.597			30.2	94.4	70.099	68.175	234.842		43.5	144.9	63.525	74.513			42.9	145.0	80.554	79.225	245.901		44.4	144.7	46.046	47.698	212.896		27.4	91.7	25.086	48.1	25.226	48.0	14.214	33.1	14.212	28.6	33.792	107.8	26.639	60.4	20.616	20.2	19.929	22.0	19.568	22.0	19.152	22.0	19.152	22.0	20.583	30.2	28.188	43.5	41.948	42.9	41.445	44.4	14.524	27.4		4.13
66	100.68	102.706	318.8		72.4	205.1	100.216	103.427	318.644		72.6	205.1	67.463	53.279			42.3	156.8	67.244	53.278		493.648	42.1	158.6	121.308	132.511			126.2		81.223	87.757	365.134		76.3	161.5	40.869	52.922	235.573		38.8	91.1	44.264	52.143	206.496		41.3	94.3	38.207	51.828			41.4	97.9	45.333	51.404	216.397		41.3	94.8	44.648	51.783	216.281		41.3	94.4	64.682	68.065			47.6	125.4	71.369	72.902	263.386		71.8	199.5	79.91	77.022			71.9	200.3	93.17	79.456	271.769		71.6	205.1	48.666	62.089	212.901		46.0	125.5	31.143	72.4	31.128	72.6	16.463	42.3	16.414	42.1	40.242	126.2	28.904	76.3	23.237	38.8	21.124	41.3	20.92	41.4	20.252	41.3	20.717	41.3	23.673	47.6	32.139	71.8	46.133	71.9	49.918	71.6	19.941	46.0		4.649
67	105.99	103.847	433.46		101.5	218.1	106.231	104.191	433.274		101.7	218.0	68.194	56.086			57.9	176.2	67.849	56.082			59.8	161.3	129.774	173.855			180.9		81.695	96.203			87.2	206.7	44.886	54.364	257.393		46.4	102.0	51.662	60.032	243.069		52.8	104.5	43.129	62.301			52.9	104.8	51.828	64.937	226.559		52.7	104.7	51.571	62.467	216.347		52.5	104.9	65.045	76.071			53.5	138.8	75.324	75.426	316.933		87.8	203.9	94.562	79.109			87.8	205.1	97.38	83.3	512.015		87.9	205.8	49.516	65.463	244.316		54.8	127.5	37.314	101.5	37.445	101.7	18.148	57.9	18.296	59.8	55.488	168.4	34.206	87.2	24.039	46.4	22.108	52.8	21.878	52.9	20.769	52.7	22.059	52.5	25.851	53.5	39.049	87.8	46.236	87.8	51.436	87.9	24.122	54.8		4.764
68	110.551	107.203			103.3	221.4	110.81	107.039			103.2	221.1	75.694	58.881			58.9	202.1	75.596	58.888			65.2	269.1	171.539	238.789			220.1		82.036	104.985			98.8	378.4	54.364	64.128	552.91		46.5	114.0	52.78	66.448	537.216		52.9	114.4	51.653	69.666			53.2	113.9	51.997	72.405	564.739		53.2	113.7	52.326	69.805	564.964		53.3	113.5	65.43	78.611			73.9	153.9	90.96	79.888			91.7	235.1	125.684	96.822			92.5	235.0	126.699	103.955			94.4	234.3	64.242	68.696	553.09		59.1	128.0	41.559	103.3	41.716	103.2	19.456	58.9	19.462	65.2	83.032	170.4	34.714	98.8	30.357	46.5	26.437	52.9	25.865	53.2	22.077	53.2	25.837	53.3	27.223	73.9	41.256	91.7	46.931	92.5	53.406	94.4	25.366	59.1		5.292
69	131.93	109.985			129.4		131.834	109.778			128.1		82.933	59.199			66.3	410.9	83.064	59.216			69.4	431.3	262.105	255.792					101.376	110.414			103.0	459.8	55.912	75.596			56.6	241.2	61.032	69.489			59.9	227.5	52.966	72.707			60.0	229.8	62.861	73.23			59.6	227.4	63.23	72.928			59.8	227.6	77.276	88.415			77.2	415.0	97.928	119.843			121.9		185.51	146.761			121.7		183.118	158.705			121.6		67.206	71.477			75.6	363.9	49.611	129.4	49.611	128.1	20.055	66.3	20.06	69.4	84.601	174.8	40.725	103.0	32.97	56.6	26.777	59.9	26.083	60.0	25.903	59.6	26.434	59.8	27.81	74.9	48.964	121.9	47.442	121.7	58.327	121.6	33.441	70.7		5.3
70	148.695	133.783			144.3		148.965	133.537			144.2		104.813	76.744			88.0	420.6	104.278	76.493			88.5	462.3		261.391					104.683	139.015			149.0		76.788	92.649			65.4	296.7	63.488	102.939			72.3	333.2	64.089	101.208			72.8	333.5	63.047	103.279			73.1	331.1	63.588	103.293			72.8	347.9	83.112	111.373			83.4		139.252	142.904			133.7		194.44	168.465			134.8		196.289	171.491			136.6		80.395	86.19			79.6		53.229	144.3	53.272	144.2	23.925	84.8	23.883	88.2	85.767	180.9	43.73	111.4	35.315	60.4	31.268	72.3	30.709	72.8	26.123	73.1	31.076	72.8	35.074	77.2	54.48	129.3	49.558	128.5	60.087	128.2	34.487	74.0		8.326
71	169.662	171.754			236.7		169.106	171.354			236.0		106.455	80.638			104.3		106.43	80.786			112.8			400.296					137.743	166.957			174.0		112.824	108.053			93.6		102.818	115.919			96.9		99.001	131.066			96.4		100.721	132.634			97.2		101.941	132.991			96.9		109.474	131.909			125.2		172.906	152.63			176.6		202.989	187.471			177.2		222.335	186.382			177.0		84.943	110.425			119.6		64.623	159.1	66.062	159.1	25.526	88.0	25.54	88.5	90.442		72.863	116.0	35.849	63.8	40.257	74.0	31.164	74.2	31.084	74.6	41.274	73.8	46.878	79.6	59.763	133.7	52.072	134.8	61.266	136.6	45.695	75.6		9.3
72	171.862	179.012			246.2		171.862	179.012			241.2		107.833	113.286			162.5		108.32	112.593			145.8			406.323					178.124	180.151			525.8		138.482	122.136			107.9		133.247	134.042			131.5		128.778	134.026			131.2		132.506	135.065			131.1		137.666	135.308			131.1		138.89	138.699			182.4		180.098	168.546			248.1		240.914	224.464			248.0		241.009	236.77			248.7		109.568	111.342			137.4		67.749	169.7	67.151	169.7	56.086	95.7	56.082	103.7	121.308		73.959	126.0	36.844	65.4	41.18	77.6	31.768	77.7	40.635	77.6	41.441	77.3	54.296	83.4	60.937	136.9	56.939	136.1	61.759	140.0	46.02	79.6		11.8
73	207.883	204.567					207.172	203.883					134.783	115.252			341.0		134.072	115.245			339.4								216.36	211.461					171.908	140.072			277.4		159.46	134.45			359.4		159.493	140.455			394.4		158.924	141.127			396.2		157.055	141.176			411.9		223.172	179.398					209.016	184.526					243.632	224.707					242.175	243.553					149.697	138.487					100.289	171.2	99.969	170.6	58.158	104.3	58.304	112.8	129.774		75.226	149.0	39.684	86.1	42.127	94.3	32.178	96.4	41.423	94.8	41.488	94.4	55.596	94.4	61.037	144.9	63.525	145.0	74.683	144.7	46.046	91.7		18.148
74		205.04						205.056						173.951						173.93												215.819						171.04						159.894						161.791						159.571						159.607						186.23						205.142						235.675						245.579						147.722					100.68	246.2	100.216	241.2	75.694	130.0	75.596	115.4	171.539		80.205	459.8	43.73	93.6	52.143	96.9	43.129	97.9	42.124	97.2	51.783	96.9	56.597	182.4	68.175	248.1	72.088	248.0	78.942	248.7	47.698	137.4		19.456
75		318.908						318.575						174.013						173.939												330.006						183.432						206.133						216.166						216.322						216.371						229.957						234.821						243.938						245.67						213.084					103.847		103.427		80.638	341.0	80.786	339.4	255.792		104.683		54.364	277.4	61.032	333.2	51.828	333.5	51.404	331.1	63.588	347.9	59.806		75.426		74.513		79.225		58.076			19.5
76		319.377						318.741						188.116						187.408												330.129						190.694						206.199						216.197						216.398						216.451						235.303						234.996						587.058												213.31					131.93		131.219		104.813		104.278				104.985		65.988		66.448		69.666		62.861		69.805		77.276		90.96		79.109		93.17		67.206			20.252
77														460.711						460.839																		474.762						536.67						560.742						563.906						585.621																														554.161					148.695		148.965		106.455		106.43				137.743		108.053		102.733		99.001		100.721		101.053		109.474		139.252		185.51		183.118		84.943			25.526
78																																																																																																	169.662		169.106		107.833		108.32				178.124		138.482		133.247		128.778		131.514		132.063		138.699		180.098		235.675		236.77		109.541			31.164
79																																																																																																	204.567		203.883		134.783		134.072				215.819		171.04		159.46		159.493		158.924		157.055		186.23		205.142		239.809		240.802		147.722			31.768
80																																																																																																																																		
