n	logs.Storm.vi-monoshifted	logs.Storm.vi-mono-mecqshifted	logs.Storm.vi-toposhifted	logs.Storm.vi-topo-mecqshifted	logs.Storm.ovi-monoshifted	logs.Storm.ovi-toposhifted	logs.Storm.svi-monoshifted	logs.Storm.svi-toposhifted	logs.Storm.ii-monoshifted	logs.Storm.ii-toposhifted	logs.Storm.rs-topo-mecq-exactshifted	logs.Storm.rs-mono-mecq-exactshifted	logs.Storm.pi-mono-gmresshifted	logs.Storm.pi-mono-gmres-diagprecondshifted	logs.Storm.pi-mono-gmres-noprecondshifted	logs.Storm.pi-mono-gmres-bicgstabshifted	logs.Storm.pi-mono-gmres-qmrshifted	logs.Storm.pi-mono-gmres-toposhifted	logs.Storm.pi-topo-gmresshifted	logs.Storm.pi-topo-gmres-monoshifted	logs.Storm.pi-mono-exactlushifted	logs.Storm.pi-mono-exactlu-toposhifted	logs.Storm.pi-topo-exactlushifted	logs.Storm.pi-topo-exactlu-monoshifted	logs.Storm.pi-mono-lushifted	logs.Storm.pi-topo-lushifted	logs.Storm.pi-mono-ovishifted	logs.Storm.pi-topo-ovishifted	logs.Storm.pi-mono-vishifted	logs.Storm.pi-topo-vishifted	logs.Storm.vi2pi-mono-gmresshifted	logs.Storm.vi2pi-mono-exactlushifted	logs.Storm.vi2pi-topo-gmresshifted	logs.Storm.vi2pi-topo-exactlushifted	logs.Storm.vi2pi-topo-gmres-monoshifted	logs.Storm.vi2pi-topo-exactlu-monoshifted	logs.Storm.vi2pi-mono-exactlu-toposhifted	logs.Storm.lp-mono-gurobishifted	logs.Storm.lp-mono-gurobi-4autoshifted	logs.Storm.lp-mono-gurobi-4barriershifted	logs.Storm.lp-mono-gurobi-4dualsimplshifted	logs.Storm.lp-mono-gurobi-4primalsimplshifted	logs.Storm.lp-gurobi-8autoshifted	logs.Storm.lp-gurobi-16autoshifted	logs.Storm.lp-gurobi95-1autoshifted	logs.Storm.lp-gurobi95-4autoshifted	logs.Storm.lp-gurobi95-8autoshifted	logs.Storm.lp-gurobi95-16autoshifted	logs.Storm.lp-mono-gurobi-4autoeqshifted	logs.Storm.lp-mono-gurobi-4autoinitshifted	logs.Storm.lp-mono-gurobi-4autobndsshifted	logs.Storm.lp-mono-gurobi-4autoinitbndsshifted	logs.Storm.lp-topo-gurobi-4autoshifted	logs.Storm.lp-topo-gurobi-4autoeqshifted	logs.Storm.lp-topo-gurobi-4autoinitshifted	logs.Storm.lp-topo-gurobi-4autobndsshifted	logs.Storm.lp-topo-gurobi-4autoinitbndsshifted	logs.Storm.lp-topo-gurobishifted	logs.Storm.lp-topo-mecq-gurobishifted	logs.Storm.lp-topo-mecq-gurobi-4autoshifted	logs.Storm.lp-mono-mecq-gurobi-4autoshifted	logs.Storm.vi2lp-topo-gurobishifted	logs.Storm.vi2lp-mono-gurobishifted	logs.Storm.vi2lp-topo-gurobi-4autoshifted	logs.Storm.vi2lp-topo-mecq-gurobi-4autoshifted	logs.Storm.vi2lp-mono-gurobi-4autoshifted	logs.Storm.vi2lp-mono-mecq-gurobi-4autoshifted	logs.Storm.lp-mono-soplex-exactshifted	logs.Storm.lp-mono-soplexshifted	logs.Storm.lp-mono-glpkshifted	logs.Storm.lp-mono-z3-exactshifted	logs.Storm.vi2lp-mono-soplex-exactshifted	logs.Storm.lp-topo-soplex-exactshifted	logs.Storm.lp-topo-soplexshifted	logs.Storm.lp-topo-glpkshifted	logs.Storm.lp-topo-z3-exactshifted	logs.Storm.vi2lp-topo-soplex-exactshifted	logs.Storm.vi2lp-topo-mecq-soplex-exactshifted	logs.Storm.vi-mono-bisim-sylvan1shifted	logs.Storm.vi2pi-topo-exactlu-bisim-sylvan1shifted	logs.Storm.vi-mono-bfsshifted	logs.Storm.vi-mono-reversebfsshifted	logs.Storm.vi-mono-rndshifted	logs.Storm.pi-mono-bfsshifted	logs.Storm.pi-mono-reversebfsshifted	logs.Storm.pi-mono-rndshifted	logs.Storm.lp-mono-bfsshifted	logs.Storm.lp-mono-reversebfsshifted	logs.Storm.lp-mono-rndshifted	logs.mcsta.vishifted	logs.mcsta.ovishifted	logs.mcsta.svishifted	logs.mcsta.iishifted	logs.mcsta.lp-copt-monoshifted	logs.mcsta.lp-copt-toposhifted	logs.mcsta.lp-cplex-monoshifted	logs.mcsta.lp-cplex-toposhifted	logs.mcsta.lp-glop-monoshifted	logs.mcsta.lp-glop-toposhifted	logs.mcsta.lp-gurobi-monoshifted	logs.mcsta.lp-gurobi-toposhifted	logs.mcsta.lp-highs-monoshifted	logs.mcsta.lp-highs-toposhifted	logs.mcsta.lp-lpsolve-monoshifted	logs.mcsta.lp-lpsolve-toposhifted	logs.mcsta.lp-mosek-monoshifted	logs.mcsta.lp-mosek-toposhifted	logs.mcsta.vi-p0shifted	logs.mcsta.vi-p1shifted	logs.mcsta.vi-p01shifted	logs.mcsta.vi-esshifted	logs.mcsta.vi-es-p01shifted	logs.mcsta.vi-mecqshifted	logs.mcsta.ovi-mecqshifted	logs.Storm.bestshifted	logs.mcsta.bestshifted	selection-bestshifted	bestshifted
1	0.1	0.1	0.1	0.1	0.1	0.1	0.1	0.1	0.1	0.1	0.1	0.1	0.1	0.1	0.1	0.1	0.1	0.1	0.1	0.1	0.1	0.1	0.1	0.1	0.1	0.1	0.1	0.1	0.1	0.1	0.1	0.1	0.1	0.1	0.1	0.1	0.1	0.1	0.1	0.1	0.1	0.1	0.1	0.1	0.1	0.1	0.1	0.1	0.1	0.1	0.1	0.1	0.1	0.1	0.1	0.1	0.1	0.1	0.1	0.1	0.1	0.1	0.1	0.1	0.1	0.1	0.1	0.1	0.1	0.1	0.1	0.1	0.1	0.1	0.1	0.1	0.1	0.1	0.1	0.1	0.1	0.1	0.1	0.1	0.1	0.1	0.1	0.1	0.1	0.1	0.1	0.1	0.1	0.1	0.1	0.1	0.1	0.1	0.1	0.1	0.1	0.1	0.1	0.1	0.1	0.1	0.1	0.1	0.1	0.1	0.1	0.1	0.1	0.1	0.1	0.1	0.1	0.1
1	0.1	0.1	0.1	0.1	0.1	0.1	0.1	0.1	0.1	0.1	0.1	0.175	0.1	0.1	0.1	0.1	0.1	0.1	0.1	0.1	0.164	0.1	0.1	0.137	0.1	0.1	0.1	0.288	0.1	0.393	0.1	0.1	0.1	0.1	0.1	0.1	0.1	0.1	0.1	0.1	0.1	0.1	0.1	0.1	0.1	0.1	0.1	0.1	0.1	0.1	0.1	0.1	0.1	0.1	0.1	0.1	0.1	0.1	0.1	0.1	0.1	0.1	0.1	0.1	0.1	0.1	0.1	0.216	0.1	0.13	0.565	0.247	0.105	0.1	0.1	0.557	0.175	0.199	0.48	0.418	0.1	0.1	0.1	0.1	0.1	0.1	0.1	0.1	0.1	0.1	0.1	0.1	0.1	0.1	0.1	0.1	0.1	0.1	0.1	0.1	0.1	0.1	0.1	3.0	0.1	0.1	0.1	0.1	0.1	0.1	0.1	0.1	0.1	0.1	0.1	0.1	0.1	0.1
2	0.1	0.1	0.1	0.1	0.1	0.1	0.1	0.1	0.1	0.1	0.161	0.922	0.1	0.267	0.261	0.1	0.1	0.1	0.1	0.1	0.486	0.14	0.133	0.412	0.1	0.1	0.283	0.403	0.108	0.472	0.1	0.177	0.14	0.173	0.1	0.166	0.2	0.1	0.1	0.1	0.1	0.1	0.1	0.1	0.1	0.1	0.1	0.1	0.1	0.1	0.1	0.1	0.1	0.1	0.1	0.184	0.1	0.1	0.1	0.1	0.1	0.1	0.1	0.1	0.1	0.1	0.1	2.026	0.154	0.46		5.863	1.375	0.135	0.116	3.614	1.756	0.222	0.505	0.546	0.1	0.1	0.1242	0.1	0.1	0.1	0.1	0.1	0.1	0.1	0.1	0.1	0.1	0.1	0.4	0.1	0.1	1.1	0.4	0.1	0.1	0.1	0.1	4.3	0.8	0.1	0.3	0.1	0.1	0.1	0.1	0.1	0.1	0.1	0.1	0.1	0.1	0.1
3	0.1	0.1	0.1	0.1	0.1	0.1	0.1	0.1	0.1	0.1	0.795	1.511	0.1	0.876	0.859	0.1	0.1	0.1	0.1	0.1	0.785	1.369	0.473	1.31	0.1	0.144	0.729	0.83	0.118	0.475	0.106	1.382	0.161	0.298	0.137	0.829	0.492	0.498	0.453	0.471	0.469	0.45	0.486	0.462	0.601	0.657	0.689	0.68	0.463	0.514	0.504	0.504	0.397	0.393	0.363	0.217	0.214	0.335	0.128	0.1	0.12	0.159	0.15	0.162	0.1	0.149	0.111	5.755	2.248	12.565		21.499	1.748	0.599	0.228	4.03	2.228	0.799	0.777	0.77	0.1	0.1	0.1432	0.1	0.1	0.1	0.522	0.471	0.9596	0.1	0.1	0.1	0.1	0.3	0.4	0.7	0.3	2.8	0.4	0.7	0.2	0.4	0.4	29.9	1.0	0.2	0.4	0.1	0.1	0.1	0.1	0.1	0.1	0.1	0.1	0.1	0.1	0.1
4	0.1	0.1	0.132	0.1	0.1	0.1	0.15	0.173	0.134	0.158	1.134	1.73	0.1	1.504	1.583	0.1	0.1	0.1	0.1	0.1	4.627	1.947	1.212	1.881	0.1	0.207	0.752	1.014	0.363	0.509	0.179	1.454	0.187	0.602	0.158	0.982	0.503	0.815	0.743	1.777	0.74	1.1	0.779	0.792	0.776	0.769	0.775	0.92	0.903	0.724	0.505	0.504	0.404	0.401	0.379	0.409	0.397	0.359	0.408	0.343	0.794	0.218	0.218	0.256	0.166	0.229	0.159	30.308	7.242	27.77		26.157	2.441	0.633	0.645	20.536	2.352	2.098	0.945	0.937	0.1	0.16	0.23620000000000002	0.1	0.1	0.1	0.854	0.872	0.967	0.1	0.1	0.1	0.1	0.3	0.4	1.4	0.4	6.7	0.8	1.1	0.4	1.4	0.4	38.2	1.0	0.6	0.5	0.1	0.1	0.1	0.1	0.1	0.1	0.1	0.1	0.1	0.1	0.1
5	0.1	0.1	0.136	0.1	0.1	0.1	0.151	0.176	0.141	0.164	2.43	3.046	0.1	2.489	2.425	0.1	0.1	0.1	0.1	0.1	5.551	2.004	1.54	2.179	0.333	0.389	1.693	1.749	0.494	0.868	0.18	1.8	0.51	0.655	0.206	1.272	0.594	0.822	0.934	1.939	0.902	2.264	0.895	1.005	0.832	0.833	0.963	1.014	1.096	0.989	0.804	0.727	0.414	0.423	0.47	0.496	0.472	0.386	0.415	0.4	0.854	0.227	0.394	0.278	0.194	0.359	0.262	34.382	7.542	33.381		28.788	2.562	0.678	0.79	20.593	3.555	2.561	1.019	1.098	0.1	0.182	0.2738	0.1	0.1	0.1	0.934	1.238	1.2454	0.1	0.1	0.1	0.1	0.4	0.4	1.7	0.5	9.2	0.8	1.7	0.5	1.7	0.6	135.1	1.6	1.0	0.7	0.1	0.1	0.1	0.1	0.1	0.1	0.1	0.1	0.1	0.1	0.1
6	0.11	0.1	0.141	0.1	0.1	0.105	0.168	0.191	0.153	0.172	2.445	3.623	0.1	3.549	3.678	0.1	0.188	0.157	0.2	0.155	7.045	2.837	1.851	2.925	0.419	0.495	1.831	2.14	0.542	0.934	0.201	1.808	0.514	0.81	0.237	2.06	1.267	1.067	1.163	2.546	1.149	2.608	0.979	1.008	0.85	0.983	0.98	1.08	1.249	1.036	0.91	0.829	0.503	0.473	0.494	0.682	0.701	0.483	0.565	0.456	0.86	0.351	0.427	0.322	0.265	0.381	0.368	49.462	29.85	314.35		30.747	3.214	1.104	1.296	27.604	3.979	3.41	1.245	1.275	0.109	0.183	0.281	0.148	0.1	0.26425	1.029	1.255	1.845	0.1	0.2	0.1	0.2	0.8	0.5	1.9	0.5	10.4	0.9	2.4	0.6	1.8	0.6	409.9	2.1	1.4	0.8	0.1	0.1	0.1	0.1	0.1	0.1	0.1	0.1	0.1	0.1	0.1
7	0.121	0.1	0.162	0.105	0.112	0.143	0.217	0.239	0.157	0.183	2.862	6.81	0.156	5.078	5.637	0.152	0.331	0.273	0.311	0.18	7.609	3.984	2.107	3.719	1.16	0.531	2.018	2.196	0.859	1.224	0.297	3.821	0.671	0.963	0.29	2.068	1.907	1.138	1.201	2.74	1.186	2.64	1.128	1.318	1.032	1.031	1.246	1.131	1.303	1.136	1.071	0.945	0.507	0.497	0.505	0.819	0.833	0.495	0.58	0.519	0.942	0.525	0.8	0.49	0.357	1.395	0.421	71.162	32.974	852.412		45.884	3.869	1.281	1.591	28.002	5.041	4.002	1.548	1.8399999999999999	0.111	0.187	0.29660000000000003	0.271	0.104	0.4234	1.17	1.379	2.254	0.1	0.2	0.1	0.2	1.1	0.6	2.7	0.6	18.8	0.9	3.1	0.6	1.9	0.6		2.8	2.0	0.8	0.1	0.2	0.2	0.1	0.1	0.1	0.1	0.1	0.1	0.1	0.1
8	0.124	0.1	0.165	0.138	0.13	0.148	0.236	0.268	0.179	0.218	3.629	8.723	0.202	5.802	6.378	0.16	1.086	0.278	0.38	0.221	8.034	6.703	2.217	4.696	3.458	0.627	3.197	2.232	1.28	1.666	0.634	4.742	0.766	1.396	0.305	2.174	2.333	1.255	1.235	2.834	1.206	2.656	1.332	1.399	1.319	1.354	1.476	1.66	1.591	1.137	1.21	1.005	0.554	0.504	0.555	0.822	0.842	0.52	0.634	0.534	1.104	0.617	1.519	0.593	0.606	1.618	1.024	138.912	33.108			61.771	4.621	1.318	1.63	28.483	5.577	5.053	2.1229999999999998	2.127	0.144	0.271	0.3964	0.29	0.282	0.5808	1.206	1.968	2.3198	0.1	0.3	0.1	0.2	1.1	0.7	3.7	0.7	31.3	1.1	3.8	0.8	4.0	0.8		3.2	3.6	0.8	0.1	0.2	0.2	0.2	0.2	0.1	0.1	0.1	0.1	0.1	0.1
9	0.167	0.158	0.259	0.154	0.247	0.227	0.394	0.389	0.301	0.306	5.001	18.419	0.298	8.375	7.052	0.615	1.275	0.322	0.466	0.249	17.091	6.726	3.115	4.808	5.559	0.952	4.753	2.508	1.586	2.101	0.881	6.746	0.799	1.774	0.46	2.332	3.29	1.551	1.535	3.273	1.321	2.864	1.344	1.424	1.426	1.56	1.751	1.89	1.861	1.201	1.538	1.099	0.571	0.547	0.555	0.827	0.858	0.567	0.67	0.55	1.128	0.674	2.252	0.66	0.644	2.363	1.164	345.771	34.371			71.491	5.125	1.55	3.132	44.448	9.135	6.224	2.457	2.252	0.15	0.294	0.49139999999999995	0.367	0.286	1.0368	1.525	2.29	2.8524000000000003	0.2	0.3	0.2	0.2	1.2	0.8	6.1	0.7	98.0	1.5	4.1	0.8	5.4	0.9		3.5	3.9	0.9	0.2	0.2	0.2	0.2	0.2	0.1	0.2	0.1	0.1	0.1	0.1
10	0.213	0.226	0.34	0.184	0.272	0.232	0.412	0.415	0.319	0.357	5.116	21.267	1.239	8.561	8.451	0.624	1.317	0.87	0.482	0.277	20.534	6.792	3.805	5.22	6.514	1.089	8.257	2.817	1.599	2.487	0.888	8.383	0.867	2.025	0.472	3.019	4.13	2.263	2.151	3.289	2.165	3.041	1.839	1.83	2.27	2.227	1.868	2.216	2.009	1.686	2.423	1.71	0.614	0.548	0.714	0.834	0.87	0.731	0.79	0.646	1.187	0.781	2.286	0.666	0.712	2.514	1.771	763.519	244.313			161.308	5.52	1.605	3.732	91.907	10.49	10.762	3.218	3.057	0.212	0.33	0.7412	0.925	0.366	1.1248	2.315	2.428	3.715	0.2	0.4	0.3	0.3	1.4	0.8	6.2	0.9	128.3	1.5	4.3	0.9	5.8	1.0		3.5	4.0	0.9	0.2	0.3	0.2	0.2	0.2	0.2	0.2	0.1	0.1	0.1	0.1
11	0.448	0.254	0.493	0.306	0.284	0.368	0.576	0.687	0.528	0.642	17.287	25.451	1.561	11.007	10.861	0.724	1.33	1.022	1.234	0.42	22.822	6.982	3.82	6.032	6.954	1.675	11.537	3.292	1.692	3.195	0.951	9.261	0.914	2.31	0.55	3.599	4.617	2.635	3.093	3.314	2.709	3.279	2.211	2.456	2.323	2.397	2.351	2.296	2.964	1.865	2.992	1.88	0.742	0.77	0.72	0.837	1.002	0.759	0.801	0.701	2.081	0.814	4.481	0.692	0.812	2.661	2.7		618.826			388.587	6.107	1.733	4.268	100.211	12.285	11.067	3.5330000000000004	3.841	0.237	0.479	0.8568	0.962	0.673	2.4173999999999998	3.226	3.172	4.0286	0.2	0.5	0.3	0.3	1.7	0.8	9.4	0.9	129.0	1.8	4.7	1.0	6.0	1.3		3.7	10.9	1.9	0.2	0.3	0.3	0.2	0.2	0.2	0.2	0.1	0.1	0.1	0.1
12	0.491	0.337	0.502	0.472	0.448	0.505	0.627	0.709	0.625	0.715	19.683	27.824	1.793	19.307	22.286	0.918	2.326	1.106	1.41	0.468	37.488	7.093	4.591	6.275	8.777	1.708	12.826	4.507	1.79	3.302	0.959	16.15	0.95	2.86	0.629	3.78	5.429	3.648	3.323	3.705	3.651	3.393	2.69	2.634	3.516	2.927	2.537	2.445	3.289	3.21	4.142	3.711	0.774	0.774	0.769	0.906	1.03	0.826	0.814	0.772	2.614	0.988	4.645	0.738	0.837	2.847	3.666						7.244	1.855	5.375	189.212	13.141	14.089	3.6140000000000003	4.21	0.476	0.629	0.9224	1.144	0.762	2.7154	3.483	3.635	5.8688	0.3	0.5	0.5	0.3	3.8	0.9	17.3	1.1	212.7	1.8	5.3	1.0	10.3	1.5		4.2	13.2	2.3	0.3	0.3	0.4	0.2	0.2	0.2	0.3	0.1	0.1	0.1	0.1
13	0.535	0.401	0.57	0.486	0.618	0.535	0.756	0.743	0.651	0.757	19.804	36.542	1.865	26.743	26.407	1.447	2.537	1.484	1.577	0.499	51.916	8.627	4.873	8.922	9.038	1.889	14.823	4.586	2.525	4.521	1.648	16.652	1.035	3.362	0.636	3.799	5.912	4.151	3.447	4.75	3.879	3.569	3.023	2.706	4.034	4.385	2.653	2.597	6.127	3.343	4.192	3.927	0.908	0.833	0.895	0.97	1.087	0.937	0.821	0.806	3.287	1.084	5.754	0.981	1.012	4.763	5.258						8.134	1.922	6.155	211.616	13.458	14.532	3.653	4.49	0.487	0.684	0.9902	1.542	0.765	3.5114000000000005	3.531	3.722	7.0813999999999995	0.3	0.5	0.5	0.4	4.3	2.6	23.0	1.4	278.4	1.8	6.3	1.4	10.6	1.7		4.6	17.5	3.3	0.3	0.4	0.4	0.3	0.3	0.3	0.3	0.1	0.1	0.1	0.1
14	0.629	0.65	0.616	0.496	0.939	0.577	0.851	0.81	0.654	0.769	20.558	43.263	1.897	27.888	27.411	1.466	3.036	1.558	1.624	0.501	52.206	8.946	5.27	9.897	9.054	2.014	45.236	4.663	4.005	4.652	1.737	19.167	1.27	3.429	0.76	4.673	6.034	4.167	3.779	5.175	3.923	3.638	3.047	2.923	4.116	4.549	2.72	2.973	6.723	4.766	4.243	4.532	1.002	0.934	0.895	1.01	1.091	1.015	0.916	0.861	3.541	1.19	5.847	1.176	1.041	5.132	5.293						10.215	2.205	6.838	358.713	14.797	14.984	4.789	4.579	0.503	0.687	1.115	1.543	0.888	3.7016	4.13	3.804	7.0994	0.4	1.1	0.6	0.4	6.2	2.9	26.4	1.5	409.2	2.9	7.3	2.3	10.9	2.0		4.9	35.2	3.5	0.3	0.5	0.4	0.3	0.3	0.3	0.3	0.1	0.2	0.1	0.1
15	0.694	0.701	0.618	0.507	0.941	0.587	0.901	0.813	0.921	0.784	21.013	44.493	2.012	30.975	30.821	1.504	4.18	1.592	1.663	0.565	52.708	9.739	5.461	12.954	9.231	3.282	46.025	5.543	4.251	4.723	2.09	19.631	1.982	3.528	0.789	6.814	6.298	4.447	4.374	6.035	4.16	4.642	3.124	3.198	4.524	4.718	4.367	4.602	7.065	5.824	5.763	4.904	1.031	0.989	0.94	1.047	1.119	1.026	0.96	1.004	4.301	1.202	6.094	1.326	1.149	5.792	5.669						12.471	2.308	7.867	820.814	14.887	17.127	5.802	5.568	0.639	0.753	1.129	1.574	1.027	3.7131999999999996	4.58	3.92	7.6822	0.4	1.2	0.6	0.5	7.0	3.7	38.7	1.8	450.8	3.5	7.6	2.7	11.4	2.4		5.0	41.8	3.5	0.4	0.6	0.6	0.3	0.3	0.5	0.4	0.141	0.2	0.1	0.1
16	0.697	0.761	0.636	0.529	1.016	0.675	0.953	0.905	0.954	0.795	21.554	49.834	2.129	32.202	31.835	2.403	4.419	1.605	1.703	0.992	55.505	9.82	5.959	14.458	34.259	4.307	47.626	6.028	5.104	4.828	2.559	19.656	1.995	3.835	0.888	7.655	8.245	4.608	5.433	7.872	4.455	4.708	3.143	3.428	5.135	5.788	4.443	4.626	7.806	6.049	5.937	5.772	1.087	1.01	1.009	1.101	1.195	1.178	0.976	1.019	5.473	1.236	6.183	1.393	1.214	6.034	6.774						19.916	4.781	9.325		16.544	17.326	6.553999999999999	6.672	0.648	0.933	1.2533999999999998	1.716	1.173	4.0966000000000005	5.133	4.89	8.1458	0.4	1.3	0.9	0.5	8.2	3.8	114.1	1.9	593.2	3.5	7.7	2.8	11.6	2.5		5.8	45.8	3.8	0.5	0.7	0.6	0.3	0.4	0.5	0.4	0.16	0.2	0.138	0.1
17	0.745	0.842	0.637	0.565	1.023	0.721	0.982	0.96	1.054	0.829	22.454	81.694	3.331	33.484	32.804	2.651	4.694	1.914	1.78	1.718	57.349	10.881	7.875	15.217	35.086	4.609	60.541	7.504	5.16	4.86	3.137	20.317	2.089	4.673	0.923	8.115	8.643	5.27	5.518	8.557	6.239	6.233	3.601	3.649	7.003	6.086	4.606	4.669	8.79	9.276	6.644	7.816	1.121	1.087	1.038	1.285	1.308	1.274	1.385	1.053	5.536	1.544	6.469	1.745	1.351	6.28	6.909						19.98	5.756	14.796		16.954	18.211	9.356	9.813	0.67	0.996	1.7844000000000002	1.894	1.312	5.4866	5.45	5.007	11.4512	0.5	1.3	1.2	0.6	10.0	3.9	144.0	2.3	678.8	3.7	8.2	2.8	13.0	3.5		5.9	48.7	3.8	0.6	0.7	0.7	0.4	0.5	0.6	0.4	0.184	0.2	0.154	0.1
18	0.748	0.864	0.66	0.622	1.252	0.732	1.387	1.079	1.294	0.961	22.711	167.669	3.356	36.553	35.897	3.127	6.55	2.036	1.818	1.745	57.891	11.201	8.623	15.336	38.79	4.67	65.529	8.863	5.774	5.788	3.492	23.939	2.255	4.704	0.93	8.313	9.196	8.18	6.202	9.043	9.453	6.264	4.452	4.133	9.427	6.892	4.782	5.083	11.993	12.799	7.443	8.413	1.213	1.097	1.261	1.326	1.514	1.314	1.431	1.152	8.564	1.635	6.53	3.26	1.373	6.712	7.355						21.192	5.9	17.429		17.505	20.849	10.003	12.857	0.733	1.292	2.9648	2.042	1.326	5.8716	6.734	6.805	11.5062	0.5	1.4	1.2	0.6	11.1	3.9	160.4	2.9	796.0	3.8	8.8	3.4	14.9	3.5		7.9	49.7	4.0	0.6	0.9	0.9	0.5	0.6	0.6	0.6	0.213	0.2	0.184	0.1
19	0.76	0.911	0.695	0.692	1.557	0.755	1.389	1.093	1.302	1.065	22.896	182.385	4.161	39.008	38.383	4.107	8.741	2.057	2.054	1.803	58.546	13.765	9.432	18.746	44.1	5.043	67.646	9.399	7.458	5.809	3.935	26.38	2.44	5.201	1.079	9.396	9.236	10.925	6.896	10.197	9.546	8.494	4.925	4.786	9.757	8.563	5.374	5.532	12.592	15.236	12.878	12.649	1.307	1.152	1.286	1.744	1.672	2.01	1.787	1.218	9.033	4.123	6.856	3.54	1.67	6.818	7.553						22.772	7.474	17.754		19.052	21.702	12.768	16.733999999999998	0.765	1.672	3.1764	2.201	1.36	7.139	7.656	7.484	17.4112	0.7	1.5	1.3	0.8	12.1	4.0	201.5	3.1	821.1	4.9	9.8	3.5	28.3	3.6		8.0	62.0	4.3	0.6	0.9	1.0	0.7	0.7	0.6	0.7	0.254	0.3	0.2	0.141
20	0.973	1.049	0.747	0.728	1.859	0.766	1.422	1.1	1.334	1.1	23.851	200.376	4.677	42.134	42.955	4.807	8.946	2.344	2.193	1.928	84.631	14.518	9.674	20.592	52.556	6.698	90.856	9.743	8.495	5.856	4.242	27.245	2.652	6.176	1.295	10.419	9.25	13.846	10.318	11.742	12.263	9.102	4.979	5.269	11.46	10.357	6.034	6.098	12.802	15.253	14.601	14.195	2.65	2.675	1.952	2.459	2.234	2.726	3.321	2.368	15.38	4.462	7.711	3.601	1.794	6.955	7.943						27.13	8.05	18.845		20.511	27.615	13.397	17.05	0.8	1.808	3.4478	2.282	1.582	7.1988	9.021	8.654	18.644	0.9	1.5	1.4	1.1	13.2	4.9	233.7	3.1		5.0	10.8	3.7	48.6	3.7		10.5	72.1	4.3	0.7	1.2	1.2	0.7	1.0	0.7	0.8	0.277	0.3	0.2	0.184
21	0.983	1.488	0.905	0.762	2.065	0.813	1.865	1.187	1.46	1.149	23.896	236.865	5.128	44.122	43.967	5.12	9.435	2.509	2.314	2.021	89.517	15.195	10.771	21.213	92.508	7.35	118.164	15.706	9.441	7.349	4.25	42.849	3.041	8.37	1.366	10.638	9.465	14.427	12.074	14.941	14.808	11.429	5.379	5.32	14.508	12.421	6.093	6.231	13.351	15.556	15.777	14.984	2.725	2.725	2.903	3.533	3.677	4.104	4.66	3.334	16.93	4.836	8.693	3.708	3.589	7.542	8.005						29.422	11.315	19.863		23.385	30.192	13.569	19.311	0.994	1.834	3.9188	2.53	1.943	8.0648	13.914	10.278	19.5754	0.9	1.8	1.4	1.2	13.9	6.0	288.5	3.4		5.8	16.9	4.1	62.4	3.7		10.7	75.1	4.5	0.9	1.2	1.2	0.7	1.0	0.8	0.8	0.305	0.3	0.2	0.2
22	0.985	1.532	1.139	0.88	2.408	0.894	2.897	1.226	1.623	1.215	26.967	257.686	6.552	44.361	46.971	7.538	9.683	2.533	2.409	2.45	116.917	15.961	11.277	21.849	100.379	8.103	128.852	16.738	10.512	7.924	4.386	53.488	3.591	9.342	1.537	11.454	11.296	15.337	15.365	17.432	16.893	13.046	5.592	5.57	14.737	13.93	8.21	6.76	17.483	15.796	16.093	16.709	3.552	3.45	3.395	5.086	5.012	4.281	6.526	3.402	17.156	5.651	9.316	4.978	3.665	7.952	9.751						30.59	12.714	22.91		28.672	32.096	13.814	22.133000000000003	1.328	2.275	3.9942	2.816	2.212	8.184000000000001	16.257	14.603	23.339199999999998	1.1	2.0	2.0	1.9	16.9	6.4	336.9	3.7		6.3	17.4	4.3	64.9	4.3		21.9	85.6	4.9	0.9	1.8	1.6	0.8	1.0	1.0	1.0	0.448	0.3	0.2	0.2
23	1.498	1.641	1.284	0.961	2.942	1.085	3.182	1.563	2.222	1.326	27.936	280.639	7.167	45.757	47.696	7.785	9.838	2.645	2.465	2.69	125.141	18.545	12.768	24.724	131.448	8.564	158.605	24.853	11.604	7.935	5.099	58.64	4.008	9.756	1.733	11.555	14.255	15.574	15.537	21.093	17.316	13.631	5.695	5.587	15.649	18.806	8.457	7.291	18.848	16.342	17.664	16.988	3.59	3.517	3.594	5.472	5.123	5.798	7.173	5.613	18.241	6.121	9.374	5.086	5.131	9.033	10.429						34.56	17.221	23.028		31.515	34.163	14.3	29.196	1.396	2.295	4.337400000000001	3.04	2.509	8.5456	16.611	14.905	26.9822	1.2	2.4	2.1	2.3	17.2	9.0	365.3	3.7		6.6	17.5	4.7	80.0	4.8		22.2	98.6	5.0	1.1	1.9	1.6	0.9	1.0	1.1	1.5	0.46	0.4	0.278	0.2
24	1.567	2.307	1.337	1.015	3.153	1.246	3.232	1.731	2.891	1.488	42.247	313.065	7.965	45.904	48.774	7.897	11.337	2.89	3.315	2.708	125.298	18.581	14.645	25.628	133.119	15.016	166.026	33.797	12.681	8.415	5.134	81.853	4.584	9.846	1.758	11.58	15.039	15.743	16.919	22.104	17.35	15.055	8.805	8.786	16.139	19.205	11.057	12.469	19.249	16.693	20.329	18.446	4.393	4.447	4.491	6.017	5.315	6.961	7.246	5.94	24.194	6.387	9.908	5.333	5.574	9.083	10.619						39.449	19.989	24.328		39.779	41.228	19.319	47.41	1.904	2.677	4.9636000000000005	3.099	2.752	8.8074	17.323	16.014	33.5572	1.2	2.5	2.2	3.0	18.8	9.4	455.2	3.8		7.1	23.4	5.1	93.2	5.0		25.8	125.3	6.9	1.2	2.0	1.8	0.9	1.1	1.1	1.7	0.466	0.4	0.3	0.277
25	1.805	2.606	1.338	1.063	3.315	1.281	3.356	2.505	2.991	1.576	74.593	431.068	8.593	49.217	53.422	8.44	11.656	3.003	4.047	3.428	128.843	25.225	15.199	26.363	144.193	19.026	846.185	36.172	12.943	9.12	5.516	136.187	4.682	11.659	1.761	14.737	15.289	18.577	18.966	24.262	18.62	15.61	12.494	12.288	16.18	19.753	15.064	15.797	25.153	17.281	20.519	18.755	5.161	5.29	5.334	6.365	6.045	7.25	7.975	7.362	27.437	6.472	9.95	5.492	5.766	9.255	12.832						57.823	24.128	24.771		44.252	73.368	22.914	72.914	2.094	3.053	4.9976	3.229	2.81	11.8176	18.01	16.171	36.0214	1.7	2.5	2.3	3.6	28.6	10.0	474.0	4.0		8.5	28.9	5.7	101.4	5.0		25.8	206.6	7.2	1.7	2.1	2.0	0.9	1.1	1.2	1.8	0.468	0.4	0.3	0.3
26	2.308	2.758	1.591	1.146	3.809	1.297	3.528	2.852	3.418	1.889	76.602		8.639	52.295	56.219	9.915	13.251	3.18	4.297	3.507	161.867	25.96	16.047	28.429		19.106		48.055	13.063	9.321	5.605	156.354	4.781	11.996	2.15	15.965	16.23	21.545	19.328	28.667	23.766	16.59	13.143	13.377	17.255	20.95	18.575	16.599	29.88	18.301	23.765	18.904	5.745	6.026	6.48	6.842	6.229	7.271	8.27	7.442	28.912	6.655	10.232	6.285	5.822	9.502	15.924						59.739	25.092	75.135		65.778	77.42	23.733999999999998	80.332	2.341	3.535	5.6288	3.297	2.852	12.601600000000001	18.447	16.473	36.516	1.8	2.6	3.0	4.0	31.2	17.4	566.1	4.9		11.3	29.1	5.7	153.2	5.0		27.4	264.6	7.9	1.9	2.1	2.2	0.9	1.4	1.3	1.8	0.479	0.5	0.3	0.3
27	2.503	2.85	1.95	1.818	3.852	2.194	4.449	3.367	4.23	3.139	79.778		8.796	72.037	70.934	10.059	13.981	3.23	4.547	3.627	678.21	27.463	16.085	29.439		19.786		48.344	13.538	10.471	5.723	199.454	4.897	13.234	2.496	17.673	16.425	26.907	20.582	29.508	23.829	17.24	13.572	14.287	20.073	21.809	20.739	18.519	32.73	21.685	25.766	20.873	6.556	6.499	6.862	7.36	6.406	7.595	8.688	7.544	38.01	6.823	10.443	6.333	6.556	10.196	16.2						62.03	25.895	77.817		68.639	80.112	24.989	81.569	2.669	3.774	6.820400000000001	3.667	2.958	15.515	20.936	19.71	37.760400000000004	1.8	3.6	3.4	4.1	41.7	21.0	596.4	5.1		12.4	31.9	6.3	203.5	6.3		38.7	320.0	7.9	2.0	2.4	2.5	1.0	1.6	1.6	1.9	0.535	0.5	0.3	0.3
28	2.86	3.253	2.256	1.969	3.913	2.57	5.208	3.611	5.266	3.276	164.577		9.693	86.832	104.369	14.452	14.056	3.287	5.162	3.68		28.594	16.955	29.895		22.086		51.431	24.735	10.531	5.752	226.535	5.345	13.28	2.82	18.898	16.507	28.555	21.108	30.919	26.899	17.613	13.999	14.515	24.627	25.721	22.097	20.3	43.747	23.383	30.297	21.018	7.043	6.852	7.719	8.365	6.862	7.769	8.828	7.727	39.079	6.927	12.664	6.34	6.861	12.575	18.003						83.276	32.138	81.656		95.312	84.683	25.605999999999998	85.602	2.674	4.113	7.140000000000001	3.98	2.989	15.6942	22.226	21.632	42.318	2.0	4.0	3.8	6.1	44.0	21.4	844.2	6.3		12.5	35.2	6.3	338.9	9.4		41.6	336.5	9.2	2.0	2.6	2.9	1.0	1.6	1.9	1.9	0.546	0.5	0.4	0.4
29	2.954	3.565	2.344	2.005	4.33	2.638	5.759	3.676	5.446	3.565	248.573		10.012	112.154	108.156	14.857	14.798	3.832	5.338	3.83		32.746	18.34	31.166		47.081		60.487	25.892	10.773	6.324	233.978	6.097	15.342	2.821	19.415	18.78	45.404	27.824	39.019	29.596	23.658	15.305	15.106	34.799	25.931	23.073	22.81	49.668	26.784	38.032	23.717	7.462	6.887	7.811	9.257	7.076	8.475	13.222	7.742	50.088	7.374	16.021	6.395	6.869	12.67	18.321						83.783	34.71	117.943		98.262	88.577	31.975	90.027	3.09	4.351	7.385	4.513	3.02	15.913999999999998	30.063	24.144	42.636	2.3	4.3	7.3	6.4	50.5	21.5		6.8		13.1	36.1	7.1	361.4	10.3		124.6	349.6	16.4	2.0	2.8	2.9	1.0	1.6	2.1	2.0	0.616	0.6	0.496	0.4
30	2.977	3.631	2.597	2.057	5.015	2.801	5.921	3.786	5.731	3.643	268.029		10.699	115.236	112.985	16.955	16.479	3.987	5.861	3.832		34.404	18.765	33.758		57.956		60.681	39.419	15.362	6.518	235.745	6.962	15.65	2.907	22.385	19.774	47.503	40.046	47.376	45.093	26.742	15.399	15.982	36.092	36.852	24.753	22.979	50.979	30.394	41.746	27.468	7.565	7.66	7.832	9.282	7.604	13.301	20.029	8.496	54.044	7.73	16.603	6.68	7.369	14.339	19.604						124.274	46.382	128.665		132.459	114.577	45.066	92.695	3.147	4.366	7.4988	4.557	3.138	19.9942	39.8	34.601	46.677800000000005	2.7	4.5	7.9	6.5	73.5	22.4		9.3		14.4	49.6	7.7	454.4	11.3		203.3	435.3	16.5	2.8	2.9	3.0	1.3	1.9	2.2	2.2	0.625	0.6	0.5	0.466
31	3.096	3.786	2.664	2.234	5.338	2.891	5.923	3.83	5.95	3.664	344.925		10.705	120.282	119.642	17.877	16.705	4.342	6.256	3.885		36.218	20.005	35.201		59.07		73.672	52.469	16.126	6.647	236.536	7.477	18.395	3.004	22.73	22.397	54.725	42.723	54.878	56.229	30.836	16.3	16.247	38.423	39.746	25.765	23.446	56.817	33.169	47.163	28.732	8.658	8.541	8.457	9.771	8.477	13.413	20.671	15.465	57.356	8.873	16.917	6.775	7.543	14.802	24.358						163.03	93.789	159.58		161.803	159.421	59.506	95.36200000000001	3.308	4.997	10.0078	4.581	3.775	23.259800000000002	40.135	35.072	70.2558	2.8	4.5	8.4	6.6	76.0	22.6		10.1		15.0	52.5	11.1	466.9	12.1		256.8	566.4	22.8	3.1	3.3	3.0	1.5	2.0	2.3	2.7	0.629	0.6	0.5	0.468
32	3.147	4.242	2.779	2.53	5.945	3.091	5.924	4.25	6.716	3.725	755.474		12.075	135.482	130.516	19.381	20.51	4.342	6.982	3.97		36.837	21.081	37.663		99.691		102.601	53.262	18.863	7.27	319.602	7.507	18.716	4.249	22.957	24.132	63.643	43.927	55.275	56.314	38.484	20.849	16.44	39.777	45.158	27.338	23.549	57.143	35.474	60.846	30.539	8.835	9.168	8.655	9.838	9.165	16.937	25.892	16.419	61.233	8.954	25.613	6.778	7.646	15.547	26.531						206.806	101.163	479.732		167.602	169.591	65.419	128.528	3.393	5.351	10.3322	4.629	4.477	25.2816	46.876	35.271	79.3366	3.1	5.1	9.6	6.8	82.9	27.5		12.6		17.8	74.5	11.1	476.1	12.4		312.9	701.4	22.8	3.1	3.9	3.7	1.6	2.0	2.8	2.7	0.648	0.7	0.529	0.5
33	3.341	4.574	2.865	2.794	6.841	3.508	6.113	4.399	6.926	4.759			12.285	146.809	146.424	23.379	24.76	7.702	7.872	4.036		42.076	26.345	39.996		124.505		147.613	58.064	19.909	8.315	492.626	7.693	21.024	4.465	23.853	25.79	85.376	48.553	55.558	57.515	49.586	21.086	22.959	42.815	45.949	28.448	24.86	64.504	36.15	61.711	37.96	10.365	10.295	10.582	10.32	9.364	21.242	30.596	22.202	66.398	9.847	25.744	7.272	7.845	16.639	26.704						466.285	132.049	528.39		203.374	236.053	68.615	275.945	3.506	5.728	10.541599999999999	8.085	6.422	25.994400000000002	51.923	72.4	83.257	3.7	6.8	9.8	10.2	109.2	29.2		13.5		24.3	127.2	11.1	484.7	14.9		746.9		28.8	3.3	5.7	5.7	1.7	2.3	2.8	2.7	0.654	0.7	0.6	0.5
34	3.626	4.769	3.196	2.899	6.854	3.541	6.451	4.868	6.964	4.92			14.336	149.122	149.616	31.964	29.026	7.709	8.196	4.477		48.943	26.733	45.533		155.355		166.163	58.418	25.05	8.602	617.099	7.94	21.44	4.49	23.979	28.438	106.474	54.594	60.718	82.253	77.75	26.076	23.172	45.024	46.26	35.489	32.653	75.238	63.878	63.581	39.535	18.49	13.602	16.452	16.905	10.573	25.103	39.692	28.083	69.578	10.155	30.062	7.6	7.949	23.39	26.96						468.181	148.543	834.122		227.022	239.715	71.333	284.301	4.039	6.395	10.7294	8.342	6.608	31.337400000000002	55.401	83.199	90.1466	3.8	8.8	12.1	10.8	119.2	29.3		13.8		28.2	129.0	11.4	509.1	15.0		858.1		36.6	3.7	6.5	6.4	1.7	2.3	3.1	2.9	0.66	0.7	0.622	0.5
35	3.741	4.967	3.527	2.995	7.461	3.564	6.488	5.313	7.493	5.076			18.657	168.556	170.488	44.229	33.82	8.61	8.641	5.016		51.053	31.38	51.48				180.277	58.52	26.769	9.895	619.23	8.82	23.661	4.595	25.454	34.281	131.783	60.432	106.155	90.611	116.186	30.967	27.522	50.284	48.543	46.712	35.332	91.419	67.901	79.917	46.355	20.192	17.145	17.305	20.077	12.709	28.859	47.037	28.409	72.444	10.556	31.193	8.402	8.073	24.152	29.041						486.218	157.564			232.574	244.914	78.03899999999999	290.558	4.392	6.566	10.9792	8.371	7.402	33.4662	58.308	89.728	90.75460000000001	3.8	9.4	12.4	11.0	123.6	36.6		14.2		32.7	129.9	11.7	566.8	17.5				46.4	3.7	7.3	7.1	1.9	2.7	3.2	3.0	0.671	0.8	0.692	0.546
36	4.287	5.727	3.679	3.075	7.497	3.905	6.92	5.423	7.54	5.225			21.694	197.235	196.981	48.34	41.179	9.236	9.049	5.893		54.697	31.706	52.931					60.483	43.872	10.822	825.847	9.179	23.896	4.785	26.477	35.499	138.415	64.646	136.792	130.624	118.012	36.136	30.313	60.27	49.049	47.005	36.472	105.173	71.558	97.724	49.631	25.258	20.459	18.063	25.654	14.887	30.267	48.954	31.554	73.988	11.205	38.312	8.89	9.354	24.691	29.286						576.173	176.19			354.148	462.278	87.303	314.879	4.463	7.507	12.1844	9.951	8.093	36.0574	69.09	97.269	101.14880000000001	3.9	10.0	12.6	11.6	134.5	37.9		15.7		37.0	143.3	11.7	590.9	20.3				46.7	4.0	8.2	7.4	1.9	2.7	3.9	3.2	0.748	0.8	0.7	0.6
37	4.637	5.781	3.815	3.768	7.907	4.201	6.985	6.264	7.608	6.254			22.331	243.38	239.938	53.48	42.507	9.665	15.696	6.676		61.137	31.942	54.412					64.049	53.368	11.773		11.121	24.857	5.167	26.48	37.281	166.916	75.833	164.877	140.515	118.923	37.849	31.184	90.422	60.99	52.11	43.78	131.122	72.585	124.966	51.567	25.463	24.929	20.531	39.06	16.733	47.515	50.857	36.618	76.369	11.762	38.562	9.287	10.165	26.192	29.84							189.621			697.843	647.721	94.101	322.121	4.667	7.781	13.506	10.226	8.404	39.5304	78.907	103.11	157.1824	4.1	10.0	16.0	15.7	165.1	38.3		17.5		41.7	144.5	11.8	698.2	21.4				49.5	4.4	8.4	8.0	2.1	2.8	4.0	3.7	0.842	0.9	0.7	0.616
38	5.233	5.863	4.215	3.857	8.385	4.341	7.443	6.792	7.63	6.874			23.267	264.037	267.774	64.954	48.814	11.612	16.406	7.173		65.571	39.448	64.389					71.699	63.142	11.816		11.6	25.129	5.264	27.897	39.125	183.319	118.125	170.287	159.825	120.731	39.799	31.523	148.491	68.72	53.044	49.601	166.931	135.677	149.986	60.999	29.975	25.977	26.1	47.709	18.22	48.348	61.239	42.998	82.743	12.307	39.328	10.373	11.707	28.178	33.548							216.564			706.573	749.165	102.783	349.67900000000003	4.982	8.241	14.0114	11.445	9.134	42.302	114.577	153.973	202.8112	4.2	10.2	16.0	17.7	167.3	45.9		17.8		53.7	211.2	12.3	759.7	22.6				190.2	4.4	8.5	8.7	2.1	3.2	4.9	6.4	0.87	0.9	0.728	0.629
39	5.481	6.186	4.856	4.243	8.995	4.796	7.624	7.161	7.916	7.544			29.581	438.642	409.542	65.494	57.39	19.29	19.538	7.806		67.612	39.7	81.036					72.845	73.792	12.271		12.775	26.392	5.551	28.323	39.898	320.779	129.456	213.562	206.824	121.853	41.232	41.209	157.375	69.936	54.006	52.216	178.799	186.261	154.067	63.907	40.602	28.243	28.924	49.722	20.028	50.314	65.821	51.785	144.633	16.341	40.829	10.713	13.025	28.476	39.734							229.126			774.475	751.463	159.83599999999998	382.096	5.385	9.19	17.316	17.459	11.057	51.3266	143.273	162.293	229.5558	4.7	11.2	19.9	17.8	271.5	49.6		20.7		67.5	261.4	12.8		26.9				413.3	5.7	8.5	8.7	2.4	3.2	6.7	7.0	0.937	1.0	0.87	0.648
40	5.729	6.775	4.993	4.264	9.78	4.838	8.135	7.28	7.933	7.715			51.568	464.163	546.797	73.685	61.981	19.961	20.21	7.944		78.605	42.285	92.262					88.009	94.315	13.359		15.406	27.124	5.966	41.015	47.353	332.134	147.242	242.723	224.957	136.947	54.332	59.646	195.706	80.525	57.126	55.975	181.382	202.3	176.007	64.92	47.125	35.154	33.593	50.841	23.705	62.504	67.955	56.798	157.359	20.423	40.946	11.404	13.799	28.755	40.393							326.862				808.608	196.244	416.829	5.653	10.009	17.487199999999998	19.857	11.145	54.8606	170.815	183.101	275.82980000000003	8.0	12.3	20.9	18.0	300.8	61.1		21.7		98.6	281.3	15.9		29.1				435.6	6.5	8.7	8.7	2.5	3.2	6.7	7.5	1.089	1.0	0.9	0.66
41	5.783	7.05	5.18	4.619	10.558	4.868	8.372	7.567	8.001	7.748			62.252	550.693	591.072	101.16	74.213	20.499	23.555	8.574		151.929	45.267	95.001					89.379	106.412	16.16		16.888	31.0	7.028	44.371	47.397	334.722	176.111	353.092	304.522	137.997	74.921	63.478	284.556	152.327	87.789	57.152	184.81	207.033	229.587	117.842	67.179	40.291	55.108	50.936	26.723	63.212	71.038	61.473	161.707	24.905	41.264	11.751	13.855	30.754	42.756							864.526					198.291	436.218	5.771	10.309	17.7994	20.666	12.415	77.0802	173.042	188.193	334.92359999999996	8.9	12.8	22.2	20.1	310.1	67.8		23.8		112.5	293.7	17.7		33.3					8.4	8.7	8.8	2.5	3.7	7.5	7.6	1.488	1.4	0.9	0.671
42	6.161	7.142	5.401	4.815	10.559	5.37	8.383	7.731	8.413	8.148			79.72	668.753	658.769	122.11	76.165	23.073	45.48	8.744		161.747	52.234	99.307					89.667	118.054	16.462		22.801	32.034	7.67	56.427	60.835	372.204	179.244	470.881	366.677	143.329	76.355	79.219	321.142	153.65	88.702	91.104	206.962	260.56	232.016	167.792	68.828	54.159	68.277	57.158	33.706	63.93	73.043	62.796	206.476	28.639	42.571	11.909	16.23	35.199	44.41												297.991	485.557	5.864	12.478	18.2804	26.044	13.007	82.1514	188.409	268.042	370.66819999999996	9.0	13.7	22.4	22.9	370.9	76.4		24.2		113.1	311.2	23.8		39.3					8.4	8.8	8.9	2.6	4.1	7.8	8.7	1.504	1.6	1.0	0.7
43	6.222	7.223	6.265	4.833	10.84	5.536	8.646	7.944	8.539	8.178			79.904	686.412	711.431	134.87	79.432	25.855	49.875	9.218		166.885	71.145	103.119					91.858	145.668	17.903		24.632	45.648	8.164	67.045	63.038	384.157	222.24		393.57	217.919	89.69	79.289	324.376	155.633	129.794	137.864	246.844	470.815	247.223	178.59	73.422	68.991	69.024	60.68	50.234	71.548	82.108	62.832	207.959	29.466	45.562	15.264	18.465	36.922	44.671												324.482	550.8000000000001	6.05	12.543	19.5766	28.209	17.556	105.376	286.8	291.111	486.5736	9.0	13.8	22.7	25.6	454.0	78.0		27.8		120.5	414.8	26.9		41.5					8.5	8.9	8.9	2.9	4.4	9.0	9.7	1.567	1.6	1.0	0.87
44	6.465	7.315	6.355	5.117	11.241	6.413	9.021	8.224	8.993	8.181			82.261	713.443	741.882	146.28	215.787	28.816	58.197	9.983		198.334	76.589	117.09					117.348	152.086	21.032		26.523	45.743	8.602	75.114	68.674	399.572	262.909		418.991	312.054	106.278	107.754	344.917	203.675	141.588	140.346	281.434	525.344	335.339	229.493	74.469	69.428	70.072	65.126	60.822	84.164	93.208	64.457	230.255	32.793	54.89	19.376	22.429	37.779	49.407												326.428	823.131	6.08	12.698	23.2352	29.37	20.59	106.324	287.921	324.268	675.3966	9.2	14.0	22.9	27.0	492.2	87.7		28.7		217.5	459.1	27.1		44.5					8.7	8.9	9.0	3.0	4.7	9.0	10.7	1.708	1.7	1.146	0.9
45	6.558	7.321	6.434	5.44	13.253	7.085	9.699	8.47	9.678	8.221			82.877	754.449		148.614	224.297	30.453	81.352	10.083		249.683	112.074	149.52					148.701	200.454	21.929		26.689	54.665	8.849	82.607	70.931	531.832	273.27		509.683	321.691	122.276	115.468	362.994	219.955	144.206	140.761	341.878		536.641	422.759	75.525	74.848	72.506	72.552	63.788	85.649	110.472	73.736	230.448	36.356	117.745	27.308	26.094	41.106	52.515												356.582		6.125	13.496	24.8626	31.15	22.48	128.752	309.416	598.926	711.5735	9.7	14.0	25.6	28.4		91.7		28.8		240.9	555.4	37.2		206.6					8.7	9.6	9.4	3.1	5.0	9.1	11.2	1.805	1.7	1.3	0.9
46	6.618	8.488	6.481	6.538	13.316	7.129	10.323	8.724	11.224	8.363			85.689	840.311		153.133	253.286	30.883	84.796	10.361		300.845	154.478	199.026					159.91	212.342	24.751		32.34	55.64	8.945	109.627	80.69	713.439	330.715		603.698	381.699	125.682	121.077	498.253	317.856	146.401	162.374	395.191		555.267	540.82	75.648	74.958	75.068	74.23	65.285	106.488	157.118	85.405	282.191	37.851	127.926	32.635	36.52	43.606	57.562												385.309		6.23	14.494	25.428	32.961	22.992	129.4346	315.224	648.526	744.786	9.8	16.2	26.5	30.4		94.3		130.3		271.1		62.0		310.7					8.9	9.7	9.6	3.6	6.8	9.1	11.6	1.818	1.8	1.5	0.937
47	6.666	9.807	6.749	6.958	14.763	7.532	11.341	8.822	11.734	8.905			116.009			157.794	326.9	38.032	96.617	12.118		415.011	223.179	552.775					164.524		26.211		42.93	74.339	9.298	186.415	123.421	812.112	380.942		651.977	386.135	152.002	147.216	604.725	356.204	175.202	181.461	590.28				76.742	76.493	76.336	77.738	69.341	121.323	166.026	103.679	318.833	39.033	155.838	34.841	38.083	43.938	85.388												386.068		6.75	14.855	26.830000000000002	33.289	28.577	131.3424	326.195	866.978	841.093	9.8	16.6	31.1	32.0		96.6		458.3		688.3		69.8		352.6					9.0	10.5	9.8	4.2	7.4	9.6	12.2	1.889	1.9	1.6	1.0
48	7.294	11.487	7.141	7.107	15.813	7.607	13.104	8.931	12.179	9.047			126.619			180.629	352.769	48.46	99.743	13.367		573.698	427.509	811.422					184.513		26.576		67.807	79.65	10.561	236.99	127.97		382.139			449.036	156.219	156.452	684.42	394.377	203.859	193.105	616.401				86.188	77.064	76.98	78.748	73.102	121.587	179.495	110.704	327.433	41.61	159.219	37.598	38.215	44.589	86.867												409.698		6.981	15.155	29.162599999999998	39.822	30.813	149.74579999999997	429.84			9.9	18.6	31.7	37.6		101.7		612.8				72.4		372.7					9.0	10.6	10.1	4.7	7.9	9.8	13.1	2.094	1.9	1.7	1.089
49	7.791	12.843	7.35	7.302	15.83	7.816	15.966	10.01	12.213	9.122			130.282			232.217	743.263	58.82	111.305	14.346		579.435	573.773						188.066		31.497		72.282	82.505	10.578	262.301	129.058		546.638			475.582	176.67	162.921		414.598	216.43	220.393	705.191				108.131	106.232	77.14	95.387	77.856	149.251	240.421	146.452	433.835	54.904	186.666	41.087	56.389	47.73	91.039												454.07800000000003		7.163	15.905	31.7642	50.799	31.702	189.3028	535.097			10.0	18.6	38.3	40.3		115.1		794.6				90.9		424.6					9.6	10.6	10.6	4.7	8.1	10.1	14.8	2.307	2.0	1.7	1.4
50	8.689	13.248	7.49	7.541	15.85	7.971	17.063	10.529	16.043	10.256			130.581			241.033		81.688	118.338	15.121		626.348	585.247						309.439		34.081		74.064	121.332	10.722	269.387	129.804					524.538	228.791	189.771		548.079	428.255	427.329					108.923	109.801	83.866	108.599	98.711	192.637	254.825	154.329	584.134	63.688	288.074	44.418	71.109	49.04	134.962												488.098		7.499	16.243	33.7894	79.594	33.094	281.2572				10.1	19.1	39.3	68.9		124.8						148.4		435.3					10.3	10.9	11.2	7.3	8.3	10.9	14.9	2.597	2.2	1.9	1.488
51	11.424	13.299	7.741	8.145	17.396	8.192	21.917	12.059	18.831	11.837			150.55			265.832		83.999	130.408	17.318									319.649		42.522		74.163	128.811	11.962	286.307	136.991						237.193	199.826			459.933						143.807	162.306	109.4	140.226	114.231	403.242	280.777	207.882	673.223	66.909	516.292	47.699	78.265	57.784	170.816												584.9799999999999		7.933	17.97	39.2164	82.987	33.856	463.2048				11.1	19.7	46.7	78.7		132.0						179.1		445.2					10.9	11.5	11.5	7.9	8.9	10.9	15.1	2.606	2.3	2.1	1.567
52	13.322	14.769	8.154	8.227	18.373	8.194	22.34	12.194	20.589	12.556			173.152			310.105		87.16	150.398	22.091									334.211		43.437		81.55	132.39	12.83	291.36	143.859						444.687	421.621			610.733						221.664	162.922	109.906	229.507	118.563	512.99	321.612	229.107		67.659	765.955	56.685	79.732	89.407	176.693												603.0279999999999		9.441	25.444	49.8472	100.015	42.485	524.8704				12.7	21.9	98.3	80.3		176.7						180.4		471.0					11.0	12.7	12.8	8.5	8.9	11.0	15.8	2.65	2.4	2.234	1.6
53	13.613	14.95	8.658	11.461	18.662	9.116	23.004	12.573	21.851	12.779			185.328			452.277		104.524	442.927	23.406									548.073		59.504		115.857	139.508	13.276	624.511	149.835						447.39	576.154									343.916	326.92	142.88	348.388	133.002	766.299	444.677	229.187		68.501	772.898	62.697	84.165	122.834	184.26												657.259		12.179	28.233	71.8412	104.616	57.739	622.9091999999999				13.0	22.5	109.6	88.9		331.6						205.1		565.0					12.7	13.4	13.5	9.9	8.9	11.2	16.0	2.865	2.4	2.4	1.6
54	13.671	16.951	8.909	12.077	19.308	13.178	23.488	17.249	22.916	16.23			209.718					119.35	530.985	26.496									682.229		60.437		120.608	153.23	14.242	630.392	154.992						561.997	619.194									426.355	343.803	143.979	425.148	150.641		601.458	274.596		78.751		65.53	87.486	144.135	250.41														12.4	29.405	72.2924	127.495	89.44					13.3	22.7	122.3	93.9		627.4						206.5		653.9					14.5	13.9	16.4	9.9	9.9	11.5	16.9	3.057	2.5	2.5	1.7
55	13.993	20.812	9.339	13.68	22.51	14.365	23.981	21.69	23.928	20.105			215.087					153.619		35.763											61.883		124.391	154.793	16.915	861.59	174.772							843.728									530.902	395.354	222.293	497.785	230.209		642.936	376.063		81.578		70.031	113.426	584.339	254.532														13.312	36.594	73.02860000000001	165.778	120.775					13.7	23.0	131.2	95.3								212.1		654.6					14.9	15.4	17.0	10.0	10.1	12.1	17.0	3.096	2.6	2.899	1.805
56	14.392	21.286	13.076	20.098	22.67	14.722	24.687	22.576	24.676	21.338			257.172					244.788		44.101											64.824		125.119	225.813	20.128		261.377																669.187	669.234	492.596	505.997	607.747		740.041	439.633		106.213		70.969	116.695	807.027	329.413														13.842	54.504	92.0518	258.843	186.112					14.3	24.8	135.3	163.8								271.3							15.0	21.3	19.9	10.0	10.3	13.2	18.2	3.253	3.0	2.9	1.9
57	14.425	22.621	14.693	21.728	24.524	19.214	28.182	24.738	32.304	24.691			309.602					414.821		52.376											69.904		150.133	232.286	23.95		277.385																829.303	831.111	636.594		638.887			513.956		109.45		78.91	121.905		654.089														14.263	56.536	98.0338	388.279	289.175					15.7	25.0	178.0	167.8								295.1							15.4	23.9	21.3	10.1	10.7	13.9	18.3	3.5330000000000004	3.0	2.995	2.094
58	16.846	23.785	15.597	23.739	24.524	27.806	29.352	31.069	50.742	26.314			311.308					467.431		66.366											79.398		153.232	276.143	25.213		284.915																							589.723		115.626		88.207	158.771		858.304														15.434	58.852	106.87039999999999	486.894	291.632					16.0	33.6	346.1	179.9								503.7							16.7	24.1	23.1	11.3	12.6	15.1	19.4	3.565	3.1	3.0	2.4
59	19.194	24.435	21.048	24.582	24.59	28.9	30.719	39.322	51.109	27.323			329.066					612.674		74.046											81.958		183.023	329.994	27.07		409.406																							620.3		129.922		99.692	170.524																16.354	61.082	108.92660000000001	555.886	453.97					19.3	41.3	842.5	240.3								608.6							21.4	25.7	24.0	15.0	18.6	18.6	26.0	3.6140000000000003	4.0	3.857	2.5
60	19.197	24.56	23.909	28.925	25.326	30.28	30.955	41.519	52.419	34.171			753.425							165.373											89.56		228.951	488.153	32.178		514.881																							789.309		141.731		136.846	177.43																16.628	61.168	114.54479999999998		457.25					20.3	56.5	888.8	247.6															21.6	26.4	24.5	15.8	21.8	18.7	27.8	4.201	4.4	4.0	2.65
61	19.437	24.71	29.284	29.714	26.291	30.379	50.839	54.241	66.787	35.158										170.525											101.101		235.147	658.284	40.137		650.363																									262.831		142.85	188.846																18.112	72.878	130.6444		471.317					21.8	66.1		259.2															24.3	32.8	35.9	19.5	22.4	18.9	28.1	4.215	4.7	4.243	2.865
62	19.859	38.003	43.626	38.895	34.598	32.531	53.424	62.037	72.219	48.277										193.829											110.119		237.506	779.839	69.966		839.75																									849.755		143.552	248.958																21.502	87.175	166.3052		476.735					24.2	79.2																	24.8	33.7	36.6	19.8	24.6	22.2	30.0	4.242	4.7	4.342	3.0
63	23.443	58.179	49.076	66.662	53.873	44.498	68.245	72.484	77.233	63.001										208.566											111.167		354.409		70.555																													203.76	252.776																22.048	88.619	193.704							26.2	79.8																	29.0	37.4	37.4	20.8	24.8	23.6	37.4	4.342	6.6	4.619	3.0
64	29.745	77.233	55.527	69.828	55.187	76.217	78.966	76.156	78.512	65.924										266.92											143.902		612.654		74.752																														652.469																31.745	91.606	199.469							27.8	82.6																	35.7	41.3	38.1	21.0	25.8	24.3	40.7	4.967	6.7	4.7	3.057
65	40.588	78.649	63.374	73.969	82.568	79.053	80.024	78.948	78.927	75.983										381.848											152.41				90.634																														878.598																34.913	93.955	206.64540000000002							39.3	102.1																	37.6	55.3	53.0	23.6	34.1	25.0	48.6	5.864	8.5	4.815	3.5330000000000004
66	45.786	79.328	72.934	76.559	86.085	81.222	95.483	80.966	91.913	78.162																					153.397				91.515																														891.302																50.267	94.568	220.7654							51.9	132.3																	60.8	61.0	55.3	26.1	35.2	49.1	53.4	5.9	8.9	5.44	3.565
67	54.235	105.064	74.975	78.483	102.622	85.885	130.395	91.453	110.892	78.879																					234.807				103.386																																														51.891	146.216	279.7832							54.3	154.5																	62.8	81.1	75.8	32.7	35.3	51.0	56.8	6.434	9.0	6.538	3.6140000000000003
68	56.995	136.138	91.03	112.299	135.609	89.199	152.169	140.392	150.832	97.569																					236.723				137.073																																														53.646	185.541	328.51279999999997							74.7	180.1																	80.8	86.5	78.7	41.5	60.9	51.6	77.9	6.558	9.6	6.6	4.0
69	59.428	145.435	105.722	153.127	145.233	128.206	204.006	181.099	155.021	111.489																					308.374				143.226																																														68.389	235.187	548.4816							84.6	448.7																	87.6	88.7	86.2	55.7	77.3	60.8	90.4	9.807	10.3	7.107	4.201
70	76.881	152.972	137.543	155.714	147.822	142.386	229.181	184.112	160.129	150.457																					367.301				154.446																																														73.638	255.711	582.866							102.7																		99.4	105.3	92.4	81.9	87.6	85.2	103.3	11.241	11.1	7.541	4.215
71	106.681	229.353	153.99	180.131	159.399	145.428	230.001	229.064	162.767	155.567																					611.011				165.18																																														94.247	275.831	640.303							135.0																		131.4	125.5	132.2	125.3	131.4	102.2	118.4	12.857	12.6	8.5	4.242
72	106.962	229.885	182.5	228.906	168.723	153.465	232.001	234.99	228.855	166.811																					688.962				223.21																																														104.368									168.0																		180.6	143.4	208.6			102.6	146.1	16.951	13.3	10.1	4.342
73	135.277	310.704	214.046	242.448	219.209	162.491	613.859	249.176	249.138	228.77																									257.912																																														136.556																																155.8	166.8	19.194	18.6	13.68	6.434
74	172.686	635.406		611.465	240.44	186.713		614.191	297.698	249.254																									261.094																																														154.571																																183.5	172.9	20.098	18.6	19.5	6.558
75					246.733	229.419			309.955	297.118																									618.201																																																																															466.5	22.048	19.3	23.6	6.6
76					447.21	240.837			610.555	611.203																																																																																																									24.328	19.8	38.895	8.5
77					639.561	614.044			856.426	779.919																																																																																																									48.277	20.8	55.7	9.6
78																																																																																																																			89.44	25.8	228.906	12.857
79																																																																																																																			120.775	46.7	242.448	13.3
80																																																																																																																			145.233			46.7
