benchmark	Type	Orig	Prop	Class	logs-E1620-dockerized.Storm.vi-topo	logs-E1620-dockerized.Storm.ovi-topo	logs-E1620-dockerized.Storm.vi2pi-topo-gmres	logs-E1620-dockerized.Storm.vi2lp-topo-gurobi	logs-E1620-dockerized.mcsta.vi	logs-E1620-dockerized.mcsta.ovi	logs-E1620-dockerized-gprob.Storm.vi-topo	logs-E1620-dockerized-gprob.Storm.ovi-topo	logs-E1620-dockerized-gprob.Storm.vi2pi-topo-gmres	logs-E1620-dockerized-gprob.Storm.vi2lp-topo-gurobi	logs-E1620-dockerized-gprob.mcsta.vi	logs-E1620-dockerized-gprob.mcsta.ovi	logs-M2Pro.Storm.vi-topo	logs-M2Pro.Storm.ovi-topo	logs-M2Pro.Storm.vi2pi-topo-gmres	logs-M2Pro.Storm.vi2lp-topo-gurobi	logs-M2Pro.mcsta.vi	logs-M2Pro.mcsta.ovi	logs-M2Pro-2.Storm.vi-topo	logs-M2Pro-2.Storm.ovi-topo	logs-M2Pro-2.Storm.vi2pi-topo-gmres	logs-M2Pro-2.Storm.vi2lp-topo-gurobi	logs-M2Pro-2.mcsta.vi	logs-M2Pro-2.mcsta.ovi	logs-R32200-dockerized.Storm.vi-topo	logs-R32200-dockerized.Storm.ovi-topo	logs-R32200-dockerized.Storm.vi2pi-topo-gmres	logs-R32200-dockerized.Storm.vi2lp-topo-gurobi	logs-R32200-dockerized.mcsta.vi	logs-R32200-dockerized.mcsta.ovi	logs-R54650U-dockerized.Storm.vi-topo	logs-R54650U-dockerized.Storm.ovi-topo	logs-R54650U-dockerized.Storm.vi2pi-topo-gmres	logs-R54650U-dockerized.Storm.vi2lp-topo-gurobi	logs-R54650U-dockerized.mcsta.vi	logs-R54650U-dockerized.mcsta.ovi	logs-R97950X-dockerized.Storm.vi-topo	logs-R97950X-dockerized.Storm.ovi-topo	logs-R97950X-dockerized.Storm.vi2pi-topo-gmres	logs-R97950X-dockerized.Storm.vi2lp-topo-gurobi	logs-R97950X-dockerized.mcsta.vi	logs-R97950X-dockerized.mcsta.ovi	logs-TRP5965-dockerized.Storm.vi-topo	logs-TRP5965-dockerized.Storm.ovi-topo	logs-TRP5965-dockerized.Storm.vi2pi-topo-gmres	logs-TRP5965-dockerized.Storm.vi2lp-topo-gurobi	logs-TRP5965-dockerized.mcsta.vi	logs-TRP5965-dockerized.mcsta.ovi	logs-TRP5965-native.Storm.vi-topo	logs-TRP5965-native.Storm.ovi-topo	logs-TRP5965-native.Storm.vi2pi-topo-gmres	logs-TRP5965-native.Storm.vi2lp-topo-gurobi	logs-TRP5965-native.mcsta.vi	logs-TRP5965-native.mcsta.ovi	logs-TRP5965-nativeportable.Storm.vi-topo	logs-TRP5965-nativeportable.Storm.ovi-topo	logs-TRP5965-nativeportable.Storm.vi2pi-topo-gmres	logs-TRP5965-nativeportable.Storm.vi2lp-topo-gurobi	logs-TRP5965-nativeportable.mcsta.vi	logs-TRP5965-nativeportable.mcsta.ovi	logs-TRP5965-nativeportable-wls.Storm.vi-topo	logs-TRP5965-nativeportable-wls.Storm.ovi-topo	logs-TRP5965-nativeportable-wls.Storm.vi2pi-topo-gmres	logs-TRP5965-nativeportable-wls.Storm.vi2lp-topo-gurobi	logs-TRP5965-nativeportable-wls.mcsta.vi	logs-TRP5965-nativeportable-wls.mcsta.ovi	logs-claix23.Storm.vi-topo	logs-claix23.Storm.ovi-topo	logs-claix23.Storm.vi2pi-topo-gmres	logs-claix23.Storm.vi2lp-topo-gurobi	logs-claix23.mcsta.vi	logs-claix23.mcsta.ovi	logs-i910980xe-dockerized.Storm.vi-topo	logs-i910980xe-dockerized.Storm.ovi-topo	logs-i910980xe-dockerized.Storm.vi2pi-topo-gmres	logs-i910980xe-dockerized.Storm.vi2lp-topo-gurobi	logs-i910980xe-dockerized.mcsta.vi	logs-i910980xe-dockerized.mcsta.ovi	logs-i910980xe-native.Storm.vi-topo	logs-i910980xe-native.Storm.ovi-topo	logs-i910980xe-native.Storm.vi2pi-topo-gmres	logs-i910980xe-native.Storm.vi2lp-topo-gurobi	logs-i910980xe-native.mcsta.vi	logs-i910980xe-native.mcsta.ovi	logs-i910980xe-native-portable.Storm.vi-topo	logs-i910980xe-native-portable.Storm.ovi-topo	logs-i910980xe-native-portable.Storm.vi2pi-topo-gmres	logs-i910980xe-native-portable.Storm.vi2lp-topo-gurobi	logs-i910980xe-native-portable.mcsta.vi	logs-i910980xe-native-portable.mcsta.ovi	logs-i911900K-dockerized.Storm.vi-topo	logs-i911900K-dockerized.Storm.ovi-topo	logs-i911900K-dockerized.Storm.vi2pi-topo-gmres	logs-i911900K-dockerized.Storm.vi2lp-topo-gurobi	logs-i911900K-dockerized.mcsta.vi	logs-i911900K-dockerized.mcsta.ovi	best
airport-mdp.130-130.time_min	mdp	prism	E	mdpgrid	8.357	7.617	7.799	15.573	11.5	18.1	8.313	7.578	7.818	15.524	11.5	18.1	8.156	8.228	8.309	18.411	6.6	16.5	8.184	8.315	8.4	18.632	6.2	11.4	6.349	5.727	5.596	14.621	8.5	13.2	4.462	3.913	4.094	23.463	6.7	10.4	3.794	3.162	3.435	23.859	4.9	7.3	3.583	3.294	3.409	18.621	5.2	7.4	2.76	2.548	2.657	18.274	5.2	7.5	3.648	3.205	3.359	5.283	5.2	7.6	3.601	3.253	3.361	19.114	5.2	7.4	4.64	4.346	4.494	7.598	7.9	13.0	5.247	4.673	4.886	25.367	10.0	16.2	4.34	3.943	4.132	26.877	9.9	16.2	5.65	4.904	5.169	28.045	10.6	17.5	3.912	3.518	3.622	12.079	6.6	10.8	2.548
airport-mdp.250-250.time_min	mdp	prism	E	mdpgrid	110.551	103.847	104.473	147.281	48.1	79.6	110.81	103.427	104.809	146.841	48.0	79.3	104.813	113.286	114.048	724	33.1	69.2	104.278	112.593	113.821	145.818	28.6	69.0	91.851	83.032	85.351	122.225	36.0	58.4	81.223	72.863	76.432	153.965	28.4	47.1	40.869	36.844	37.618	116.876	19.5	32.0	44.264	41.857	40.257	100.383	21.8	32.8	32.9	32.178	32.59	90.869	21.8	32.8	45.333	40.635	41.713	50.94	21.7	32.7	44.648	41.274	41.701	102.432	21.6	32.8	63.434	56.597	57.624	74.709	30.2	53.7	65.276	59.763	60.488	141.66	43.5	76.0	48.77	46.931	47.109	134.081	42.9	75.1	66.957	60.087	61.308	150.855	44.4	77.3	49.516	45.695	46.417	81.269	27.4	47.4	19.5
avoid-mdp.15-0.2.goal_max	mdp	prism	P	mdpgridmec	1	1.334	4.463	724	1	1	1	1.337	4.457	724	1	1	1	1	1.327	724	1	1	1	1	1.378	724	1	1	1.185	1.7	4.839	724	1	1	1.049	1.398	3.934	724	1	1	1	1	2.271	724	1	1	1	1	2.166	724	1	1	1	1	1.946	724	1	1	1	1	1.963	724	1	1	1	1	1.993	724	1	1	1	1.048	2.308	724	1	1	1	1.115	3.467	724	1	1	1.088	1.953	4.474	724	1	1	1.108	1.963	4.56	724	1	1	1	1	2.374	724	1	1	1
avoid-mdp.15-0.2.time_min	mdp	prism	E	mdpgrid	1	1	1.453	724	1	1	1	1	1.453	724	1	1	1	1	1	724	1	1	1	1	1	724	1	1	1.136	1	1.549	724	1	1	1	1	1.278	724	1	1	1	1	1	724	1	1	1	1	1	724	1	1	1	1	1	724	1	1	1	1	1	724	1	1	1	1	1	724	1	1	1	1	1.119	724	1	1	1	1	1.189	724	1	1	1.188	1	1.832	724	1	1	1.201	1	1.524	724	1	1	1	1	1	724	1	1	1
avoid-mdp.25-0.2.goal_max	mdp	prism	P	mdpgridmec	15.259	15.134	78.174	46.166	2.0	2.0	15.713	15.65	81.487	47.301	2.0	2.0	5.732	5.583	26.283	20.621	1.2	2.0	5.785	5.592	26.36	21.024	1.2	2.0	18.838	18.806	94.073	52.74	2.0	2.1	16.791	17.339	76.175	44.463	1.6	1.7	11.123	11.324	45.22	30.699	1	1	10.551	10.689	54.959	28.692	1.1	1.1	10.696	10.861	53.284	28.458	1.1	1.1	10.41	10.58	52.483	28.219	1.1	1.1	10.291	10.506	53.075	28.594	1.1	1.1	12.653	12.649	71.984	37.843	1.8	1.6	14.909	14.924	78.037	43.286	1.8	1.9	17.959	17.524	96.669	46.051	1.8	1.9	17.906	17.588	94.053	46.981	1.8	2.0	10.111	10.024	44.923	28.106	1.2	1.3	1
avoid-mdp.25-0.2.time_min	mdp	prism	E	mdpgrid	11.234	6.575	17.277	724	2.8	3.5	11.278	6.557	17.291	724	2.8	3.5	5.372	2.736	15.605	724	1.9	3.7	5.366	2.735	15.483	724	1.8	3.3	12.799	6.954	16.693	724	2.5	3.0	9.75	5.585	13.921	724	2.0	2.3	6.298	4.276	9.067	724	1.3	1.6	5.655	3.806	8.687	724	1.4	1.7	5.675	3.821	10.606	724	1.4	1.7	5.775	3.786	8.578	724	1.4	1.7	5.68	3.844	8.634	724	1.4	1.7	8.541	5.66	20.13	724	2.5	3.3	9.932	6.38	13.717	724	2.5	3.2	13.429	8.637	20.082	724	2.5	3.2	13.509	8.741	16.667	724	2.5	3.2	6.787	4.154	9.844	724	1.6	2.0	1.3
avoid-mdp.40-0.2.goal_max	mdp	prism	P	mdpgridmec	207.883	204.567	213.343	275.044	18.8	19.3	207.172	203.883	213.287	272.923	18.7	19.1	82.933	80.638	85.589	113.789	10.7	16.1	83.064	80.786	85.67	114.553	10.7	15.9	262.105	255.792	268.512	724	17.6	18.0	216.36	215.819	223.871	724	14.3	14.7	171.908	171.04	175.651	218.96	9.3	9.8	159.46	159.894	167.053	190.358	10.4	10.2	159.493	161.791	183.73	191.875	10.3	10.2	158.924	159.571	165.367	187.679	10.4	10.3	157.055	159.607	166.045	190.448	10.4	10.2	223.172	186.23	253.326	724	13.8	14.7	209.016	205.142	213.879	262.242	17.4	18.3	243.632	235.675	250.894	296.705	17.4	18.5	242.175	236.77	245.901	299.423	17.4	18.4	149.697	147.722	153.477	190.762	11.3	11.8	9.3
avoid-mdp.40-0.2.time_min	mdp	prism	E	mdpgrid	105.99	53.229	317.388	724	25.1	32.1	106.231	53.272	316.807	724	25.2	32.0	54.287	23.925	231.679	724	14.7	24.8	54.195	23.883	232.71	393.259	14.6	31.4	724	724	724	724	724	724	81.695	43.73	724	724	724	724	55.912	35.315	235.573	724	11.8	15.2	51.662	31.268	116.951	724	12.7	15.1	51.653	30.709	153.404	724	12.7	15.1	51.997	31.084	116.338	724	12.7	15.1	51.571	31.076	116.562	724	12.7	15.1	83.112	46.878	264.902	724	18.9	23.1	97.928	54.48	263.386	724	23.4	30.2	125.684	74.513	375.248	724	23.4	30.1	126.699	74.683	271.769	724	23.6	30.2	64.242	34.487	176.918	724	14.6	18.8	11.8
beb.4-8-7.GaveUp	mdp	modest	P	mdpqvbs	7.935	9.34	9.246	8.216	7.2	6.1	7.948	9.367	9.255	8.239	7.2	6.1	3.863	4.619	4.579	3.87	4.5	10.0	3.889	4.636	4.598	3.89	3.7	11.3	9.281	11.119	10.972	10.225	8.8	6.6	7.7	9.1	9.055	7.967	5.5	4.6	6.865	7.802	7.82	6.89	3.9	3.5	6.02	6.929	6.982	5.992	4.0	3.3	5.714	6.857	6.747	5.747	4.0	3.2	5.685	6.725	6.59	5.71	4.0	3.3	5.716	6.664	6.644	5.67	4.0	3.3	6.223	7.216	7.221	5.953	4.3	4.0	8.089	9.55	9.559	8.46	6.2	5.8	10.245	12.209	11.88	10.609	6.2	5.8	10.386	12.274	11.92	10.673	6.2	5.8	5.228	6.19	6.124	5.282	4.0	3.8	3.2
beb.4-8-7.LineSeized	mdp	modest	P	mdpqvbs	25.086	26.65	26.496	25.498	5.9	6.1	25.226	26.499	26.499	25.423	5.9	6.2	10.54	11.261	11.258	10.579	3.2	5.5	10.564	11.286	11.269	10.58	3.2	7.6	33.792	35.097	34.316	35.591	6.8	7.1	26.639	28.114	27.998	27.451	4.7	4.6	20.624	21.921	21.456	20.616	3.0	3.5	19.929	20.668	20.832	19.996	3.3	3.3	19.62	20.568	20.511	19.568	3.3	3.3	19.282	20.297	20.153	19.152	3.3	3.3	19.264	20.056	20.224	19.152	3.3	3.3	30.327	20.583	29.452	27.539	4.3	5.1	28.27	29.758	29.629	28.188	5.3	5.8	36.818	38.649	38.021	36.627	5.2	5.9	36.353	38.575	38.304	37.024	5.2	5.9	14.524	15.489	15.407	14.871	3.3	3.8	3.0
bigmec.100000.prob_max	mdp	prism	P	mdpmec	95.04	1	1	95.205	236.7	171.2	94.724	1	1	95.215	236.0	170.6	67.463	1	1	67.719	162.5	130.0	67.244	1	1	67.834	145.8	115.4	81.838	1	1	80.099	220.1	168.4	70.143	1	1	71.971	174.0	126.0	33.469	1	1	33.758	107.9	86.1	38.108	1	1	38.291	131.5	94.3	38.207	1	1	38.632	131.2	97.9	38.152	1	1	38.365	131.1	94.8	38.167	1	1	38.361	131.1	94.4	44.37	1	1	44.171	125.2	94.4	71.369	1	1	71.698	176.6	144.9	202.989	1	1	205.725	177.2	145.0	222.335	1	1	226.06	177.0	144.7	44.331	1	1	45.513	119.6	91.7	1
brp-pta.64-12-32-256.Emin	pta	modest	E	ptaqvbs	171.862	51.563	49.611	173.144	47.2	37.1	171.862	51.563	49.611	173.144	47.2	37.1	68.194	19.924	19.456	68.402	28.2	23.4	67.849	19.844	19.462	68.482	27.9	24.1	724	724	724	724	724	724	101.376	41.464	40.725	724	34.8	27.6	76.788	33.926	32.97	83.168	23.0	20.2	63.488	27.269	26.777	63.243	26.1	19.6	64.089	26.098	25.865	64.124	26.0	19.7	63.047	26.426	25.903	63.542	26.1	19.8	63.23	26.252	25.837	63.438	26.1	19.7	65.045	28.079	27.81	64.178	26.4	22.7	172.906	50.283	48.964	173.648	42.6	34.9	194.44	58.722	56.939	195.293	42.8	34.9	196.289	59.471	58.327	196.515	42.8	35.3	80.395	34.085	33.441	80.541	24.6	21.4	19.456
brp-pta.64-12-32-256.P_1	pta	modest	P	ptaqvbs	169.662	171.754	170.6	171.91	6.2	41.3	169.106	171.354	170.014	169.833	6.2	41.4	75.694	76.744	76.89	75.747	3.1	34.7	75.596	76.493	76.616	76.197	3.1	38.0	171.539	173.855	173.269	171.835	5.6	36.8	178.124	180.151	180.093	180.089	4.2	24.3	138.482	140.072	140.352	139.475	2.8	21.2	133.247	134.042	133.612	133.865	3.2	19.1	128.778	131.066	132.71	129.254	3.2	19.3	132.506	132.634	132.203	131.514	3.2	19.1	137.666	132.991	132.063	132.771	3.2	19.0	138.89	138.699	218.586	144.231	3.3	21.2	180.098	184.526	181.962	180.584	6.0	37.4	240.914	243.938	240.438	239.809	6.1	37.4	241.009	243.553	243.337	240.802	5.9	37.7	109.568	110.425	110.249	109.541	3.0	20.1	2.8
brp-pta.64-12-32-256.P_3	pta	modest	P	ptaqvbs	131.93	133.783	133.496	132.125	7.4	40.9	131.834	133.537	132.328	131.219	7.3	41.3	58.158	59.199	59.206	58.542	3.7	52.1	58.304	59.216	59.14	58.616	4.0	37.2	129.774	129.887	132.817	130.246	7.1	38.0	137.743	139.015	139.277	137.98	4.9	24.7	112.824	108.053	113.784	110.668	3.6	21.8	102.818	102.939	103.94	102.733	3.8	19.4	99.001	101.208	101.367	99.539	3.8	19.4	100.721	103.279	103.166	100.919	3.8	19.4	101.941	103.293	103.169	101.053	3.8	19.4	109.474	111.373	111.893	138.51	3.9	21.5	139.252	142.904	140.906	139.727	6.8	36.9	185.51	187.471	187.29	724	6.8	37.2	183.118	186.382	187.941	185.115	6.8	36.7	84.943	86.19	85.723	85.054	3.7	20.8	3.6
consensus-mec.4-2.disagree	mdp	prism	P	mdpmec	1	9.709	9.67	13.453	2.2	7.9	1	9.701	9.671	13.34	2.2	7.9	1	5.124	5.032	6.246	1	17.3	1	5.127	5.032	6.277	1	15.6	1	12.841	11.84	15.974	2.2	8.6	1	9.803	9.767	11.234	1.5	5.6	1	7.213	7.225	9.664	1	3.0	1	6.059	6.046	6.806	1.1	4.1	1	6.604	6.27	6.791	1.1	4.1	1	6.317	6.288	6.375	1.1	4.1	1	6.319	6.547	6.794	1.1	4.1	1	7.051	6.846	7.36	1.2	4.4	1	7.155	7.148	8.435	1.7	6.4	1.338	8.003	7.651	9.206	1.7	6.4	1.377	8.601	8.281	9.269	1.7	6.5	1	6.256	6.234	8.057	1	4.3	1
consensus-mec.4-6.disagree	mdp	prism	P	mdpmec	11.496	97.654	433.46	120.097	43.3	724	11.554	97.617	433.274	121.045	43.2	724	5.971	53.279	205.177	48.043	20.6	724	5.98	53.278	206.431	48.005	20.8	724	12.035	116.016	481.892	115.632	43.5	724	9.978	96.203	365.134	78.842	30.5	724	5.292	54.364	257.393	64.008	15.9	724	5.759	60.032	243.069	48.047	22.0	724	5.819	62.301	192.863	47.928	22.0	724	5.62	64.937	198.764	47.107	22.0	724	5.602	62.467	198.794	47.54	22.0	724	7.84	68.065	234.516	56.533	24.5	724	10.452	72.902	316.933	74.025	36.1	724	22.414	96.822	512	87.559	36.1	724	23.044	103.955	512	88.232	36.8	724	6.019	62.089	244.316	64.735	20.8	724	5.292
consensus.4-4.c2	mdp	prism	P	mdpqvbs	1	1	1	1	1	1	1	1	1	1	1	1	1	1	4.706	1	1	1	1	1	4.705	1	1	1	1	1	1	1	1	1	1	1	1	1	1	1	1	1	1	1	1	1	1	1	1	1	1	1	1	1	1	1	1	1	1	1	1	1	1	1	1	1	1	1	1	1	1	1	6.058	1	1	1	1	1	1	1	1	1	1	1	1	1	1	1	1	1	1	1	1	1	1	1	1	1	1	1	1
consensus.4-4.disagree	mdp	prism	P	mdpqvbs	1	1	7.602	1	1	1	1	1	7.705	1	1	1	1	1	19.641	1	1	1	1	1	19.704	1	1	1	1	1	8.472	1	1.1	1	1	1	6.126	1	1	1	1	1	4.776	1	1	1	1	1	4.37	1	1	1	1	1	1.545	1	1	1	1	1	3.972	1	1	1	1	1	3.935	1	1	1	1	1	26.23	1	1	1	1	1	5.803	1	1	1	1	1	5.253	1	1	1	1	1.013	7.787	1	1	1	1	1	4.575	1	1	1	1
consensus.6-2.c2	mdp	prism	P	mdpqvbs	3.048	5.102	4.665	8.106	19.3	13.8	3.096	5.113	4.69	7.965	19.3	13.8	1.606	2.973	15.831	4.155	10.6	10.1	1.607	2.983	15.842	4.202	10.5	10.1	3.351	5.064	5.134	8.659	19.3	14.9	2.352	3.704	3.679	6.623	14.0	10.7	1.278	2.112	2.191	4.709	7.8	6.3	1.414	2.358	2.234	3.767	10.6	7.6	1.417	2.255	2.201	3.765	10.5	7.6	1.428	2.341	2.114	3.721	10.6	7.6	1.423	2.338	2.11	3.773	10.6	7.5	1.761	3.083	2.631	4.638	13.9	11.3	2.387	4.178	3.593	5.913	17.2	13.5	6.208	11.806	7.312	9.515	17.2	13.6	6.508	11.912	8.134	9.892	17.4	13.8	1.611	2.542	2.376	4.389	10.9	8.6	1.278
consensus.6-2.disagree	mdp	prism	P	mdpqvbs	8.197	10.879	22.27	16.736	24.0	17.7	8.165	10.941	22.388	16.718	24.1	17.7	3.539	5.428	51.347	8.222	17.0	11.4	3.548	5.434	50.937	8.4	13.5	13.7	8.206	10.981	21.963	17.624	24.1	19.8	7.048	9.105	17.504	14.072	17.5	14.0	4.605	5.84	11.813	10.184	10.4	8.1	5.442	6.798	12.505	9.844	13.0	10.1	5.462	6.913	32.233	9.936	13.1	10.1	5.328	6.777	11.614	9.517	13.1	10.1	5.332	6.773	11.641	9.765	13.0	10.1	5.735	7.716	39.172	10.959	14.7	13.0	8.12	10.163	18.291	14.13	21.4	17.4	15.014	22.643	22.864	21.455	21.6	17.4	15.241	22.9	27.847	21.692	21.7	17.6	4.293	5.532	11.743	9.588	13.4	11.4	3.539
consensus.6-2.steps_max	mdp	prism	E	mdpqvbs	10.497	18.901	724	172.967	34.7	52.6	10.533	18.742	724	172.285	34.6	52.4	6.727	12.606	724	75.385	21.3	32.2	6.725	12.63	724	75.51	21.2	33.2	10.493	18.893	724	177.948	33.5	50.0	8.407	14.662	724	124.323	25.2	39.6	4.938	8.375	724	104.998	15.2	22.0	5.056	8.963	724	75.876	18.2	26.3	4.764	8.716	73.603	76.402	18.3	26.1	4.854	8.947	724	75.206	18.2	26.2	4.851	8.963	724	76.274	18.1	26.1	8.082	11.978	129.122	111.541	24.7	45.7	8.686	15.157	724	108.867	31.0	49.7	21.77	43.454	724	121.365	31.2	49.7	22.614	45.244	724	122.522	31.4	51.0	5.319	9.945	724	99.002	19.4	32.3	4.764
consensus.6-2.steps_min	mdp	prism	E	mdpqvbs	8.573	12.663	21.556	234.62	18.0	25.2	8.563	12.87	21.307	235.013	18.0	25.1	5.418	8.643	11.107	98.359	10.9	17.3	5.436	8.641	11.326	98.003	10.9	16.6	9.252	12.808	24.72	230.609	18.3	24.6	7.052	9.515	17.838	159.826	13.1	18.3	4.13	6.085	11.504	129.009	7.6	12.2	4.226	6.091	11.423	91.46	9.6	12.6	4.144	5.735	9.273	91.384	9.7	12.6	4.257	6.062	10.703	91.04	9.6	12.6	4.266	6.058	10.74	90.266	9.6	12.7	4.818	7.571	12.036	113.198	11.2	17.0	6.699	10.58	16.544	130.595	16.4	24.5	15.896	27.948	28.338	140.48	16.4	24.7	17.033	28.395	29.554	143.115	16.7	25.0	4.374	6.271	11.928	123.547	10.3	15.4	4.13
csma.3-4.time_max	mdp	prism	E	mdpqvbs	1	1	724	1.026	1.6	2.0	1	1	724	1.025	1.6	2.0	1	1	724	1	1	1.8	1	1	724	1	1	2.2	1	1	724	1.074	1.5	1.9	1	1	724	1	1.2	1.6	1	1	724	1	1	1	1	1	724	1	1	1.1	1	1	724	1	1	1.1	1	1	724	1	1	1.1	1	1	724	1	1	1	1	1	724	1	1	1.2	1	1	724	1	1.3	1.8	1	1	724	1.118	1.3	1.8	1	1	724	1.138	1.3	1.8	1	1	724	1	1	1.1	1
csma.3-4.time_min	mdp	prism	E	mdpqvbs	2.103	1	724	2.566	1.4	1.7	2.105	1	724	2.431	1.5	1.7	1	1	724	1	1	1.5	1	1	724	1	1	1.7	2.479	1	724	2.778	1.4	1.7	1.846	1	724	2.26	1.1	1.3	1.101	1	724	1.469	1	1	1.091	1	724	1.274	1	1	1.084	1	724	1.246	1	1	1.063	1	724	1.086	1	1	1.076	1	724	1.315	1	1	1.261	1	724	1.324	1	1	1.718	1	724	2.026	1.2	1.5	2.232	1	724	2.54	1.2	1.5	2.25	1	724	2.553	1.2	1.6	1.166	1	724	1.232	1	1	1
csma.4-2.time_min	mdp	prism	E	mdpqvbs	1	1	724	1.336	1	1	1	1	724	1.355	1	1	1	1	724	1	1	1	1	1	724	1	1	1	1.081	1	724	1.443	1	1	1	1	724	1.212	1	1	1	1	724	1	1	1	1	1	724	1	1	1	1	1	724	1	1	1	1	1	724	1	1	1	1	1	724	1	1	1	1	1	724	1	1	1	1	1	724	1	1	1	1.027	1	724	1.134	1	1	1.028	1	724	1.139	1	1	1	1	724	1	1	1	1
dpm.4-6-100.TminQueuesFull	ma	modest	E	maqvbs	1	1	1	56.075	1	1	1	1	1	56.075	1	1	1	1	1	24.101	1	1	1	1	1	24.139	1	1	1	1	1	71.566	1	1	1	1	1	724	1	1	1	1	1	40.349	1	1	1	1	1	28.213	1	1	1	1	1	28.177	1	1	1	1	1	28.081	1	1	1	1	1	28.145	1	1	1	1	1	30.971	1	1	1	1	1	35.038	1	1	1	1	1	42.906	1	1	1	1	1	35.32	1	1	1	1	1	34.346	1	1	1
dpm.4-6-25.TminQueuesFull	ma	modest	E	maqvbs	1	1	1	56.484	1	1	1	1	1	56.484	1	1	1	1	1	24.126	1	1	1	1	1	24.143	1	1	1	1	1	71.958	1	1	1	1	1	724	1	1	1	1	1	39.591	1	1	1	1	1	28.145	1	1	1	1	1	28.076	1	1	1	1	1	28.106	1	1	1	1	1	28.109	1	1	1	1	1	39.308	1	1	1	1	1	34.996	1	1	1	1	1	42.835	1	1	1	1	1	35.371	1	1	1	1	1	34.483	1	1	1
dpm.4-6-50.TminQueuesFull	ma	modest	E	maqvbs	1	1	1	56.242	1	1	1	1	1	56.242	1	1	1	1	1	24.167	1	1	1	1	1	24.129	1	1	1	1	1	71.913	1	1	1	1	1	724	1	1	1	1	1	40.291	1	1	1	1	1	28.075	1	1	1	1	1	28.116	1	1	1	1	1	28.131	1	1	1	1	1	28.166	1	1	1	1	1	30.937	1	1	1	1	1	35.043	1	1	1	1	1	42.899	1	1	1	1	1	35.355	1	1	1	1	1	34.584	1	1	1
dpm.6-8-5.PminQueue1Full	ma	modest	P	maqvbs	31.143	34.984	159.298	724	12.8	8.7	31.128	34.964	159.369	724	12.8	8.7	16.463	18.738	82.181	249.687	8.2	7.1	16.414	18.741	82.613	250.398	8.2	9.0	724	724	724	724	724	724	28.904	32.791	109.25	724	11.5	7.7	24.039	27.218	120.779	373.085	7.3	5.9	22.108	25.313	79.447	285.592	8.2	5.6	21.878	24.683	76.947	286.433	8.2	5.6	22.077	24.934	79.14	285.581	8.2	5.5	22.059	25.002	79.064	286.741	8.2	5.6	23.673	25.709	91.572	724	7.6	5.3	32.139	36.14	141.682	465.101	11.7	8.7	41.948	48.596	151.08	482.955	11.7	8.7	41.445	48.177	158.351	476.685	11.6	8.6	19.941	22.577	94.545	304.852	7.6	5.7	5.3
dpm.6-8-5.PminQueuesFull	ma	modest	P	maqvbs	37.314	43.753	191.604	724	21.0	6.4	37.445	43.786	191.582	724	21.0	6.4	20.055	23.904	99.18	196.394	14.6	5.5	20.06	23.953	99.847	197.726	15.3	5.5	724	724	724	724	724	724	34.206	41.427	131.067	724	19.5	6.2	30.357	36.296	150.225	295.772	11.9	4.3	26.437	31.543	94.419	186.212	13.6	4.1	26.083	30.684	90.857	187.422	13.6	4.1	26.123	31.087	93.857	187.364	13.5	4.1	26.434	31.418	93.576	188.308	13.5	4.1	27.223	33.123	110.442	724	12.6	4.4	39.049	46.605	171.205	311.048	19.1	6.3	52.072	64.737	183.128	332.087	19.0	6.2	51.436	64.313	184.729	325.875	19.0	6.2	24.122	28.516	113.066	260.482	12.5	4.2	4.1
evade-mdp.10-0.7.prob_max	mdp	prism	P	mdpgridmec	65.73	109.985	41.559	724	103.3	205.1	65.753	109.778	41.716	724	103.2	205.1	28.805	51.706	18.148	724	58.9	202.1	28.817	51.762	18.296	724	59.8	269.1	59.274	98.615	40.242	724	107.4	194.2	52.801	87.757	34.714	724	98.8	206.7	31.29	52.922	23.237	724	46.5	102.0	30.554	50.145	21.124	724	52.9	104.5	29.598	50.771	20.92	724	52.9	104.8	28.865	50.272	20.769	724	52.7	104.7	28.939	50.328	20.717	724	52.5	104.9	65.43	88.415	35.074	724	77.2	153.9	75.324	119.843	41.256	724	91.7	199.5	94.562	168.465	49.558	724	92.5	200.3	97.38	171.491	49.918	724	94.4	205.8	40.333	65.463	25.366	724	59.1	125.5	18.148
evade-mdp.8-0.7.prob_max	mdp	prism	P	mdpgridmec	16.6	11.389	6.562	724	28.5	724	16.744	10.972	6.622	724	28.5	724	7.567	5.176	2.931	724	16.3	724	7.572	5.179	2.944	724	16.3	724	15.777	11.107	6.588	724	31.3	724	13.428	9.203	5.756	724	25.1	724	6.837	4.785	4.011	724	13.2	724	8.007	5.521	3.507	724	15.5	724	7.473	5.511	3.51	724	15.5	724	7.439	5.516	3.392	724	15.4	724	7.482	5.499	3.387	724	15.5	724	15.535	8.116	5.713	724	20.9	724	18.544	10.813	6.71	724	25.9	724	24.047	16.883	8.53	724	25.5	724	25.557	17.233	8.765	724	26.3	724	9.767	6.108	4.026	724	16.1	724	2.931
firewire.true-3-600.time_max	mdp	prism	E	mdpqvbs	1	1	1	1	16.7	24.0	1	1	1	1	16.7	24.0	1	1	1	1	9.3	18.3	1	1	1	1	9.4	17.6	1	1	1	1	16.2	23.2	1	1	1	1	12.7	18.2	1	1	1	1	7.8	11.9	1	1	1	1	9.2	12.9	1	1	1	1	9.3	13.0	1	1	1	1	9.3	13.0	1	1	1	1	9.5	13.1	1	1	1	1	9.1	13.9	1	1	1	1	13.5	20.5	1	1	1	1	13.5	20.5	1	1	1	1	13.7	20.8	1	1	1	1	8.7	13.2	1
firewire.true-3-600.time_sending	mdp	prism	E	mdpqvbs	1	1	1	1	16.9	19.5	1	1	1	724	16.9	19.6	1	1	1	1	9.3	14.1	1	1	1	1	10.4	13.9	1	1	1	1	16.3	19.3	1	1	1	1	12.7	14.7	1	1	1	1	7.7	9.7	1	1	1	1	9.2	10.5	1	1	1	1	9.2	10.6	1	1	1	1	9.2	10.7	1	1	1	1	9.3	10.7	1	1	1	1	9.2	11.6	1	1	1	1	13.4	16.7	1	1	1	1	13.4	16.8	1	1	1	1	13.6	16.9	1	1	1	1	8.6	10.7	1
firewire.true-36-200.time_max	mdp	prism	E	mdpqvbs	6.887	7.31	8.14	11.272	144.3	221.4	6.832	7.308	8.124	11.21	144.2	221.1	2.639	2.866	3.212	4.241	88.0	176.2	2.631	2.881	3.208	4.309	88.5	161.3	7.476	7.956	8.675	12.076	126.2	201.5	6.351	6.706	7.304	9.564	103.0	161.5	4.119	4.392	4.745	6.853	65.4	114.0	3.683	3.987	4.28	5.661	72.3	114.4	3.58	3.896	4.155	5.561	72.8	113.9	3.536	3.867	4.086	5.336	73.1	113.7	3.534	3.898	4.105	5.537	72.8	113.5	4.049	4.335	5.234	6.559	73.9	125.4	6.438	6.862	7.355	9.231	121.9	203.9	8.17	9.173	9.156	10.999	121.7	205.1	8.275	9.326	9.301	10.979	121.6	205.1	4.268	4.492	4.901	6.827	75.6	128.0	2.631
firewire.true-36-200.time_min	mdp	prism	E	mdpqvbs	17.038	8.016	7.835	17.703	14.8	17.0	16.932	8.049	7.839	724	14.8	17.0	7.351	3.21	3.151	7.726	8.9	14.3	7.359	3.22	3.153	7.742	8.8	16.7	15.367	8.699	8.431	16.194	13.8	15.6	12.493	7.623	7.47	13.135	11.2	12.6	8.331	5.513	5.289	9.042	7.1	9.0	7.919	5.127	4.576	8.295	8.0	8.9	7.841	4.641	4.391	8.151	8.0	8.8	7.788	4.591	4.373	7.996	8.0	8.9	7.775	4.575	4.386	8.2	8.0	8.8	8.798	5.274	5.181	8.872	8.3	9.8	16.41	7.742	7.57	17.004	13.5	16.1	19.599	9.74	9.522	20.45	13.5	16.2	19.723	9.811	9.476	20.295	13.6	16.2	9.055	5.113	5.018	9.689	8.5	10.1	3.151
firewire.true-36-200.time_sending	mdp	prism	E	mdpqvbs	6.836	7.239	6.945	22.074	101.5	134.9	6.811	7.195	6.92	22.094	101.7	134.7	2.615	2.81	2.651	6.895	57.9	102.3	2.622	2.807	2.648	6.867	65.2	126.8	7.422	7.742	7.479	24.27	90.7	123.4	6.251	6.64	6.314	15.966	76.3	100.5	4.108	4.36	4.459	14.445	46.4	66.5	3.635	3.958	3.706	9.97	52.8	70.0	3.539	3.81	3.627	9.863	53.2	70.2	3.542	3.774	3.566	9.645	53.2	70.4	3.534	3.803	3.559	9.831	53.3	70.6	4.123	4.64	3.902	11.229	53.5	76.5	6.432	6.746	6.539	13.579	87.8	124.8	8.129	8.913	8.209	15.365	87.8	124.8	8.187	9.055	8.266	15.275	87.9	124.9	4.263	4.433	4.305	13.006	54.8	78.1	2.615
flexible-manufacturing.21-1.M3Fail_E	ma	greatspn	E	maqvbs	3.365	2.901	4.565	724	4.7	4.9	3.365	2.901	4.565	724	4.7	4.9	1.664	1.348	2.526	724	2.2	2.8	1.679	1.348	2.527	724	2.2	3.1	3.671	2.644	4.602	724	4.9	4.8	2.925	2.055	3.747	724	3.3	3.1	1.572	1	1.907	724	2.0	2.0	1.297	1.099	1.934	724	2.3	2.1	1.282	1.148	1.929	724	2.3	2.1	1.318	1.125	1.944	724	2.3	2.1	1.314	1.144	1.955	724	2.3	2.1	2.143	1.711	3.121	724	2.7	2.9	3.123	2.784	4.511	724	3.7	4.3	4.506	4.585	5.682	724	3.7	4.3	4.525	4.492	5.67	724	3.9	4.4	2.032	1.72	2.812	724	2.5	2.7	1
flexible-manufacturing.3-1.M2Fail_E	ma	greatspn	E	maqvbs	724	179.012	3.598	1	724	724	724	179.012	3.598	1	724	724	724	188.116	3.205	1	724	724	724	187.408	3.194	1	724	724	724	238.789	5.845	1	724	724	724	166.957	3.274	724	724	724	724	92.649	2.1	1	724	724	724	115.919	2.28	1	724	724	724	134.026	2.224	1	724	724	724	135.065	2.271	1	724	724	724	135.308	2.228	1	724	724	724	131.909	2.091	1	724	724	724	168.546	3.287	1	724	724	724	724	10.742	1	724	724	724	724	10.637	1	724	724	724	111.342	2.162	1	724	724	1
ftwc.8-5.TimeMax	ma	modest	E	maqvbs	724	8.102	1.637	2.007	724	169.7	724	8.102	1.637	2.007	724	169.7	724	8.156	1.549	1.72	724	95.7	724	8.147	1.553	1.709	724	88.2	724	12.654	2.496	2.78	724	170.4	724	7.995	1.56	724	724	116.0	724	4.378	1	1.132	724	63.8	724	5.052	1	1.166	724	77.6	724	5.571	1	1	724	77.7	724	5.645	1	1	724	77.6	724	5.662	1	1	724	77.3	724	6.369	1.268	1.523	724	79.6	724	7.733	1.748	1.988	724	136.9	724	22.436	3.961	4.255	724	136.1	724	21.044	4.524	4.811	724	140.0	724	4.899	1	1.259	724	74.0	1
ftwc.8-5.TimeMin	ma	modest	E	maqvbs	724	8.187	1.679	1	724	159.1	724	8.187	1.679	1	724	159.1	724	8.144	1.537	1	724	84.8	724	8.134	1.541	1	724	103.7	724	9.325	2.519	1	724	174.8	724	6.981	1.569	1	724	111.4	724	3.392	1	1	724	60.4	724	4.477	1	1	724	74.0	724	5.06	1	1	724	74.2	724	4.968	1	1	724	74.6	724	4.973	1	1	724	73.8	724	5.505	1.014	1	724	74.9	724	7.428	1.525	1	724	129.3	724	22.413	4.3	1	724	128.5	724	22.623	4.416	1	724	128.2	724	4.14	1	1	724	70.7	1
intercept-mdp.30-0.0.time_min	mdp	prism	E	mdpgrid	13.943	13.836	14.766	724	13.8	14.1	13.936	13.729	14.802	724	13.8	14.1	4.804	4.649	5.027	724	8.2	9.0	4.798	4.672	5.043	724	8.2	9.0	18.871	18.585	19.815	724	14.0	15.6	17.448	17.082	18.26	724	11.6	11.7	7.724	7.543	8.027	724	6.4	7.4	10.258	10.06	10.708	724	7.5	7.7	10.259	10.134	10.731	724	7.6	7.7	10.111	9.855	10.58	724	7.5	7.6	10.033	9.782	10.578	724	7.6	7.7	10.975	12.295	11.283	724	9.4	9.1	13.828	13.663	14.818	724	12.9	13.3	16.529	16.281	17.412	724	12.9	13.3	16.648	16.422	17.36	724	12.9	13.4	9.265	9.08	9.698	724	8.5	8.8	4.649
intercept-mdp.40-0.0.time_min	mdp	prism	E	mdpgrid	68.694	67.749	75.452	724	72.4	74.6	68.76	67.151	75.973	724	72.6	73.7	26.215	25.526	29.356	724	42.3	57.1	26.298	25.54	29.318	724	42.1	53.0	91.981	90.442	99.488	724	68.4	69.2	82.036	80.205	89.346	724	60.4	61.0	44.886	43.73	48.442	724	38.8	39.6	52.78	52.143	57.038	724	41.3	41.6	52.966	51.828	56.615	724	41.4	41.9	51.828	51.404	56.031	724	41.3	41.7	52.326	51.783	55.965	724	41.3	41.7	64.682	54.296	59.719	724	47.6	48.9	70.099	68.175	76.225	724	71.8	73.3	79.91	79.109	86.661	724	71.9	73.3	80.554	79.225	87.308	724	71.6	72.9	48.666	47.698	52.768	724	46.0	46.8	25.526
manymecs.10000.prob_max	mdp	prism	P	mdpmec	724	1.05	1.051	4.033	11.5	12.0	724	1.05	1.051	4.087	11.5	12.0	724	1	1	6.041	3.6	5.7	724	1	1	6.208	3.6	6.9	724	1.892	2.183	5.242	7.3	7.5	724	1.066	1.067	9.303	4.8	4.9	724	1	1	12.662	2.9	3.5	724	1	1	8.967	3.8	3.7	724	1	1	9.225	3.8	3.7	724	1	1	1.046	3.8	3.8	724	1	1	9.222	3.8	3.7	724	1	1	1.043	8.4	8.8	724	1	1	11.929	9.4	10.0	724	1	1	13.3	9.5	10.0	724	1	1	13.278	9.4	10.0	724	1	1	4.788	6.7	6.9	1
manymecs.100000.prob_max	mdp	prism	P	mdpmec	724	102.706	102.674	64.623	724	724	724	104.191	110.215	66.062	724	724	724	56.086	56.088	85.131	341.0	410.9	724	56.082	56.088	87.705	339.4	431.3	724	126.687	125.157	55.488	724	724	724	104.985	105.066	115.369	512	459.8	724	75.596	65.988	136.182	277.4	296.7	724	66.448	67.767	99.707	359.4	333.2	724	69.666	72.968	99.208	394.4	333.5	724	72.405	69.731	20.252	396.2	331.1	724	69.805	69.997	102.669	411.9	347.9	724	76.071	74.38	25.851	724	724	724	75.426	75.492	133.186	724	724	724	72.094	72.088	144.426	724	724	724	79.456	78.942	147.916	724	724	724	68.696	68.714	58.076	724	724	20.252
mer.100-0.1.prob_max	mdp	prism	P	mdpmec	1	33.144	33.075	2.442	1	6.3	1	33.029	33.044	2.389	1	6.4	1	18.507	18.516	2.75	1	15.9	1	18.509	18.519	2.793	1	10.1	1	41.538	39.746	2.07	1	6.8	1	33.77	33.812	3.947	1	4.5	1	25.839	25.744	5.003	1	2.4	1	21.585	21.617	3.622	1	3.2	1	22.563	22.611	3.665	1	3.2	1	23.698	23.758	1	1	3.2	1	23.714	22.709	3.723	1	3.2	1	24.755	24.769	1.238	1	3.6	1	24.537	24.591	4.817	1	4.8	1	23.665	23.772	5.338	1	4.7	1	25.605	25.627	5.403	1	4.8	1	22.275	22.288	2.292	1	3.3	1
mer.250-0.1.prob_max	mdp	prism	P	mdpmec	2.628	205.04	205.235	7.012	1	15.6	2.629	205.056	205.115	6.975	1	15.7	2.249	115.252	115.28	8.288	1	28.2	2.398	115.245	115.282	8.347	1	30.0	2.005	261.391	254.272	6.575	1	16.6	1.498	211.461	213.447	10.82	1	11.3	1.24	122.136	122.726	13.176	1	6.3	1.206	134.45	134.429	9.705	1	10.5	1	140.455	140.748	9.677	1	10.6	1.233	141.127	141.264	2.546	1	10.1	1.227	141.176	141.265	9.955	1	10.4	1.437	179.398	153.81	3.311	1	10.4	1.707	152.63	152.784	12.888	1	13.1	1.431	146.761	147.023	13.895	1	13.2	1.889	158.705	159.103	14.404	1	13.4	1.247	138.487	138.746	6.037	1	8.8	1
mer.500-0.1.prob_max	mdp	prism	P	mdpmec	9.672	724	724	18.658	1	31.1	9.671	724	724	18.703	1	31.4	9.457	460.711	460.658	21.151	1	56.8	9.296	460.839	460.763	21.116	1	47.0	7.055	724	724	17.622	1	34.0	5.28	724	724	27.204	1	22.5	4.533	474.762	512	28.184	1	19.1	4.51	512	512	21.341	1	21.0	3.169	512	512	20.833	1	21.5	4.377	512	512	7.082	1	21.4	4.424	512	512	21.936	1	21.2	5.433	724	724	10.677	1	22.2	6.24	724	724	28.946	1	27.1	4.814	512	512	724	1	27.0	6.653	724	724	32.025	1	27.6	4.532	512	512	14.23	1	17.6	1
obstacle-mdp.400.steps_min	mdp	prism	E	mdpgrid	1.154	1.824	724	724	4.0	4.4	1.154	1.824	724	724	4.0	4.4	1	1	724	724	2.3	3.9	1	1	724	724	2.3	5.0	1	1.511	724	724	3.2	3.6	1	1.25	724	724	2.6	2.7	1	1	724	724	1.7	1.9	1	1	724	724	2.0	2.0	1	1	724	724	1.9	2.0	1	1	724	724	1.9	2.0	1	1	724	724	1.9	2.0	1	1.055	724	724	2.6	2.8	1.013	1.689	724	724	3.4	3.7	1.695	2.932	724	724	3.4	3.6	1.739	3.004	724	724	3.5	3.8	1	1.017	724	724	2.1	2.4	1
obstacle-mdp.800.steps_min	mdp	prism	E	mdpgrid	8.006	13.648	724	724	31.8	38.9	8.006	13.648	724	724	31.8	38.9	4.233	7.782	724	724	18.6	42.9	4.239	7.764	724	724	18.4	35.1	6.46	10.423	724	724	25.0	30.1	5.45	9.069	724	724	21.2	24.0	3.773	6.165	724	724	15.5	17.7	3.302	5.749	724	724	15.5	17.7	3.405	5.614	724	724	15.2	17.7	3.283	5.666	724	724	15.2	17.7	3.477	5.657	724	724	15.2	17.7	10.358	12.663	724	724	20.2	25.7	8.513	15.35	724	724	27.8	33.7	12.774	23.738	724	724	27.9	33.9	13.361	24.62	724	724	29.8	36.5	4.621	8.241	724	724	17.2	21.4	3.283
pacman.100.crash	mdp	prism	P	mdpqvbs	10.66	10.942	10.619	10.93	1	1	10.672	10.986	10.684	10.985	1	1	5.365	5.496	5.362	5.583	1	1	5.371	5.516	5.383	5.63	1	1	12.188	12.606	12.169	12.273	1	1	10.971	11.23	10.981	11.367	1	1	9.02	9.191	8.971	8.6	1	1	7.602	7.834	7.635	7.781	1	1	7.473	7.665	7.41	7.627	1	1	7.516	7.706	7.44	7.444	1	1	7.518	7.674	7.474	7.697	1	1	8.316	8.677	8.249	8.493	1	1	10.593	10.984	10.606	10.968	1	1	12.53	12.96	12.533	12.66	1	1	12.479	13.033	12.486	12.914	1	1	7.495	7.693	7.47	7.77	1	1	1
polling-system.3-3-5.TmaxBothFull	ma	modest	E	maqvbs	724	724	18.75	19.568	724	724	724	724	18.75	19.568	724	724	724	724	14.214	14.377	724	724	724	724	14.212	14.383	724	724	724	724	17.493	17.434	724	724	724	724	14.019	14.433	724	724	724	724	9.106	8.326	724	724	724	724	11.292	11.318	724	724	724	724	10.347	10.174	724	724	724	724	9.91	9.854	724	724	724	724	9.937	9.963	724	724	724	724	11.624	11.723	724	724	724	724	18.537	18.975	724	724	724	724	47.442	48.05	724	724	724	724	53.406	54.378	724	724	724	724	10.361	10.606	724	724	8.326
random-grid.40-0.3-0.3.time_min	mdp	prism	E	mdpgrid	1	1	724	421.365	1	1	1	1	724	421.365	1	1	1	1	724	724	1	1	1	1	724	114.478	1	1.1	1	1	724	512	1	1	1	1	724	371.648	1	1	1	1	724	317.918	1	1	1	1	724	224.341	1	1	1	1	724	224.204	1	1	1	1	724	223.818	1	1	1	1	724	224.307	1	1	1	1	724	260.022	1	1	1	1	724	277.385	1	1	1	1	724	263.951	1	1	1	1	724	278.104	1	1	1	1	724	271.565	1	1	1
random-grid.80-0.3-0.3.prob_max	mdp	prism	P	mdpgridmec	3.133	1.21	1.209	60.147	4.5	724	3.133	1.212	1.218	59.939	4.5	724	1.384	1	1	26.293	2.8	724	1.396	1	1	26.384	3.5	724	2.769	1.385	1.414	67.292	5.3	724	2.307	1.217	1.244	48.018	3.5	724	1.655	1	1	40.371	2.2	724	1.44	1	1	32.734	2.5	724	1.409	1	1	32.854	2.5	724	1.409	1	1	32.859	2.5	724	1.409	1	1	32.955	2.5	724	2.601	1	1	45.576	4.4	724	3.404	1.175	1.181	54.216	4.5	724	4.808	1.609	1.64	55.143	4.6	724	4.948	1.61	1.621	56.581	4.8	724	1.818	1	1	37.474	3.1	724	1
random-grid.80-0.3-0.3.time_min	mdp	prism	E	mdpgrid	5.491	5.333	724	724	6.8	8.9	5.458	5.331	724	724	6.8	8.9	2.498	2.581	724	724	4.2	12.0	2.508	2.578	724	724	4.7	11.4	4.617	4.411	724	724	5.5	7.0	3.833	3.893	724	724	5.0	5.9	2.745	2.655	724	724	2.8	4.1	2.383	2.34	724	724	3.1	4.0	2.389	2.268	724	724	3.1	4.0	2.383	2.317	724	724	3.1	4.0	2.396	2.303	724	724	3.2	4.0	5.248	5.222	724	724	5.5	6.4	5.865	5.842	724	724	6.6	8.6	8.64	9.248	724	724	6.5	8.6	8.957	9.66	724	724	6.9	9.0	3.144	3.048	724	724	3.8	5.1	2.268
readers-writers.20.exp_time_many_requests	ma	greatspn	E	maqvbs	1.012	1	1	724	1.8	1.8	1.012	1	1	724	1.8	1.8	1	1	1	493.884	1	1.1	1	1	1	493.648	1	1.2	1.263	1.099	1.109	724	2.0	2.1	1.088	1.065	1	724	2.3	1.5	1	1	1	724	1	1	1	1	1	506.303	1	1	1	1	1	512	1	1	1	1	1	506.735	1	1	1	1	1	509.809	1	1	1	1	1	724	1	1	1	1	1	724	1.4	1.4	1.517	1.562	1.369	724	1.4	1.4	1.512	1.563	1.325	724	1.4	1.4	1	1	1	724	1	1	1
readers-writers.35.exp_time_many_requests	ma	greatspn	E	maqvbs	4.558	3.242	7.399	724	3.6	3.4	4.558	3.242	7.399	724	3.6	3.4	2.228	1.457	4.023	724	2.0	2.0	2.247	1.445	4.025	724	1.8	2.1	5.029	3.297	7.223	724	3.7	3.4	3.885	2.68	5.838	724	2.7	2.3	1.817	1.303	3.258	724	1.7	1.6	2.0	1.569	3.284	724	2.0	1.7	2.01	1.559	3.218	724	2.0	1.7	2.025	1.584	3.285	724	2.0	1.7	2.027	1.569	3.28	724	2.0	1.7	3.076	2.135	4.77	724	1.8	1.7	4.002	2.969	6.856	724	2.8	2.9	5.544	4.494	7.947	724	2.8	2.9	5.598	4.564	8.032	724	2.8	3.0	2.75	1.953	4.389	724	2.0	2.0	1.303
readers-writers.40.exp_time_many_requests	ma	greatspn	E	maqvbs	7.277	4.923	12.086	724	4.6	4.3	7.277	4.923	12.086	724	4.6	4.3	3.677	2.182	6.517	724	2.5	3.0	3.685	2.179	6.521	724	2.5	2.6	8.203	5.135	11.643	724	4.9	4.2	6.416	4.121	9.69	724	3.3	2.9	3.969	2.868	5.489	724	2.3	2.2	3.347	2.554	5.521	724	2.6	2.2	3.307	2.55	5.412	724	2.5	2.2	3.346	2.554	5.539	724	2.6	2.2	3.315	2.569	5.515	724	2.6	2.2	4.842	3.453	9.603	724	2.6	2.2	6.81	4.958	11.787	724	3.8	4.1	9.083	7.443	13.025	724	3.9	4.2	9.26	7.456	13.375	724	3.9	4.3	4.429	2.952	7.262	724	2.6	2.4	2.179
readers-writers.40.pr_network	ma	greatspn	P	maqvbs	9.316	11.706	18.13	22.165	5.2	4.2	9.338	11.646	18.102	22.322	5.2	4.1	3.426	4.407	8.401	8.902	2.7	2.5	3.424	4.425	8.39	8.879	2.7	2.7	11.864	14.633	20.032	24.998	5.8	4.2	9.51	11.439	16.36	19.818	3.9	3.0	4.221	5.301	8.04	12.346	2.6	2.1	5.169	6.613	9.093	12.356	2.9	2.2	5.125	6.577	8.878	12.378	2.9	2.2	5.067	6.624	8.955	12.263	2.9	2.2	5.099	6.566	9.014	12.333	2.9	2.2	7.059	8.427	12.439	14.956	3.0	2.2	8.993	11.587	17.528	21.135	4.4	3.9	11.53	16.767	20.202	23.703	4.3	4.1	11.887	16.896	20.964	24.242	4.3	4.0	5.499	6.814	10.664	12.2	3.0	2.3	2.1
refuel-mdp.80-40.reach_max	mdp	prism	P	mdpgridmec	724	724	724	724	724	724	724	724	724	724	724	724	724	724	724	724	724	724	724	724	724	724	724	724	724	724	724	724	724	724	724	724	724	724	724	724	724	724	724	724	724	724	724	724	724	724	724	724	724	724	724	724	724	724	724	724	724	724	724	724	724	724	724	724	724	724	724	724	724	724	724	724	724	724	724	724	724	724	724	724	724	724	724	724	724	724	724	724	724	724	724	724	724	724	724	724	724
resource-gathering.1300-100-100.expsteps	mdp	prism	E	mdpqvbs	11.385	11.99	724	22.028	12.9	12.7	11.395	12.093	724	22.053	12.9	12.7	9.963	11.054	724	19.257	9.0	13.3	9.575	11.003	724	19.143	7.9	10.4	9.832	10.152	724	21.729	14.2	13.7	7.956	8.286	724	24.651	9.9	9.2	4.703	5.63	724	20.944	6.0	7.3	4.937	5.37	724	17.247	6.9	6.7	3.749	4.207	724	16.365	6.8	6.6	5.112	5.424	724	9.11	6.8	6.6	5.085	5.414	724	17.66	6.8	6.5	6.18	6.696	724	12.254	7.2	7.4	7.422	8.21	724	23.711	11.4	11.8	6.134	10.416	724	24.081	11.4	11.8	8.204	12.656	724	26.075	11.6	12.2	5.377	5.664	724	14.057	7.1	7.4	3.749
resource-gathering.400-30-30.expsteps	mdp	prism	E	mdpqvbs	1	1	724	1.189	1	1	1	1	724	1.119	1	1	1	1	724	1	1	1	1	1	724	1	1	1	1	1	724	1.152	1	1	1	1	724	1.468	1	1	1	1	724	1.727	1	1	1	1	724	1.253	1	1	1	1	724	1.266	1	1	1	1	724	1	1	1	1	1	724	1.279	1	1	1	1	724	1	1	1	1	1	724	1.63	1	1	1	1	724	1.846	1	1	1	1	724	1.843	1	1	1	1	724	1	1	1	1
sensor.4.max_success	mdp	prism	P	mdpmec	5.761	107.203	107.112	11.739	1	724	5.759	107.039	107.128	11.608	1	724	4.939	58.881	58.866	14.134	1	724	5.017	58.888	58.882	14.426	1	724	4.188	132.511	138.77	10.946	1	724	3.189	110.414	109.131	19.267	1	724	2.545	64.128	75.646	21.127	1	724	2.535	69.489	71.742	16.039	1	724	1.911	72.707	72.682	15.696	1	724	2.695	73.23	72.908	3.966	1	724	2.598	72.928	72.977	16.535	1	724	3.052	78.611	78.618	5.663	1	724	3.742	79.888	79.855	21.588	1	724	2.894	77.022	76.865	22.967	1	724	3.963	83.3	83.239	23.979	1	724	2.692	71.477	71.47	9.897	1	724	1
sensor.5.max_success	mdp	prism	P	mdpmec	148.695	724	724	191.21	1	724	148.965	724	724	191.447	1	724	134.783	724	724	180.212	1	724	134.072	724	724	181.041	1	724	121.308	724	724	160.676	1	724	104.683	724	724	194.527	1	724	54.364	724	724	143.08	1	724	61.032	724	724	125.305	1	724	43.129	724	724	109.543	1	724	62.861	724	724	70.58	1	724	63.588	724	724	129.693	1	724	77.276	724	724	98.988	1	724	90.96	724	724	178.342	1	724	63.525	724	724	160.964	1	724	93.17	724	724	192.63	1	724	67.206	724	724	103.96	1	724	1
tireworld.17.goal	mdp	ppddl	P	mdpqvbs	1	1	1	1	1	1	1	1	1	1	1	1	1	1	724	1	1	1	1	1	724	1	1	1	1	1	1	1	1	1	1	1	1	1	1	1	1	1	1	1	1	1	1	1	1	1	1	1	1	1	724	1	1	1	1	1	1	1	1	1	1	1	1	1	1	1	1	1	724	1	1	1	1	1	1	1	1	1	1	1	724	1	1	1	1	1	1	1	1	1	1	1	1	1	1	1	1
wlan-large.2.E_1	pta	modest	E	ptaqvbs	3.877	4.259	4.31	105.762	15.7	25.6	3.831	4.253	4.304	105.996	15.9	25.0	1.96	2.017	2.315	43.265	9.8	19.4	1.955	2.017	2.314	43.273	9.8	19.7	3.179	3.608	3.609	120.861	14.4	23.4	2.716	3.074	3.002	74.573	12.9	18.4	1.397	1.582	1.664	83.145	8.5	12.6	1.22	1.41	1.477	42.118	8.9	13.7	1.216	1.397	1.458	41.84	8.9	13.5	1.188	1.393	1.446	41.774	9.0	13.6	1.19	1.391	1.441	41.956	8.8	13.6	1.761	2.006	1.982	59.785	8.7	14.5	3.007	3.396	3.36	69.081	13.9	22.4	3.98	4.933	4.332	69.941	13.9	22.2	4.027	4.962	4.36	70.351	13.9	22.2	2.076	2.343	2.367	65.346	8.9	14.6	1.188
wlan-large.2.E_and	pta	modest	E	ptaqvbs	3.846	4.279	4.116	50.707	16.8	27.8	3.846	4.279	4.116	50.707	16.8	27.8	1.995	2.057	2.237	25.627	10.0	22.5	1.978	2.047	2.237	25.918	10.0	22.3	3.226	3.759	3.469	60.807	15.3	25.5	2.729	3.181	2.968	724	13.7	20.4	1.424	1.592	1.61	39.416	8.0	15.3	1.267	1.474	1.448	22.75	9.6	15.0	1.249	1.458	1.419	22.878	9.6	14.9	1.235	1.442	1.416	22.738	9.4	14.9	1.236	1.455	1.42	22.747	9.4	14.9	1.732	2.11	1.909	29.445	8.9	15.5	2.955	3.397	3.237	32.85	14.6	23.8	3.934	4.89	4.168	34.031	14.7	24.1	3.961	4.967	4.2	34.189	14.7	24.0	2.067	2.356	2.268	32.587	9.3	15.1	1.235
wlan-large.2.E_or	pta	modest	E	ptaqvbs	3.907	4.259	4.224	51.022	15.4	25.0	3.907	4.259	4.224	51.022	15.4	25.0	1.906	1.969	2.213	25.875	9.4	19.7	1.912	1.949	2.195	25.918	9.3	19.4	3.13	3.64	3.482	61.358	14.1	23.3	2.677	3.116	2.936	724	12.5	18.3	1.392	1.577	1.576	37.375	7.3	15.0	1.195	1.384	1.385	22.723	8.6	13.5	1.171	1.378	1.374	22.775	8.6	13.6	1.16	1.357	1.358	22.737	8.7	13.6	1.167	1.356	1.362	22.678	8.7	13.9	1.799	1.847	1.977	29.996	8.6	14.8	3.103	3.44	3.371	33.354	13.6	21.9	4.04	4.932	4.336	34.687	13.6	22.0	4.133	5.028	4.419	34.382	13.6	21.9	2.083	2.377	2.295	32.796	8.6	14.1	1.16
wlan-mec.3-0.cost_min	mdp	prism	E	mdpmec	100.68	318.908	318.8	140.585	724	724	99.969	318.575	318.579	724	724	724	107.833	174.013	174.047	159.398	724	724	106.43	173.93	174.017	161.042	724	724	84.601	400.296	399.986	131.825	724	724	73.959	330.129	329.942	182.166	724	724	35.849	183.432	190.628	144.389	724	724	42.127	206.133	206.303	120.148	724	724	31.164	216.166	216.216	112.687	724	724	41.423	216.398	216.397	49.113	724	724	41.488	216.451	216.347	123.67	724	724	59.806	235.303	229.742	71.27	724	724	60.937	234.821	234.842	167.494	724	724	46.133	224.707	224.543	164.983	724	724	61.759	245.67	245.74	180.797	724	724	46.046	213.084	212.896	89.017	724	724	31.164
wlan-mec.3-0.time_min	mdp	prism	E	mdpmec	100.289	319.377	318.734	141.699	724	724	100.216	318.741	318.644	140.992	724	724	106.455	173.951	173.985	158.738	724	724	108.32	173.939	173.963	172.259	724	724	85.767	406.323	406.894	129.227	724	724	75.226	330.006	329.992	179.209	724	724	39.684	190.694	218.658	144.848	724	724	41.18	206.199	206.496	119.936	724	724	31.768	216.197	216.133	112.647	724	724	42.124	216.322	226.559	49.736	724	724	41.441	216.371	216.281	123.4	724	724	55.596	229.957	229.447	75.867	724	724	61.037	234.996	234.695	167.189	724	724	46.236	224.464	224.484	165.363	724	724	61.266	245.579	245.505	180.697	724	724	46.02	213.31	212.901	88.002	724	724	31.768
wlan.5-0.cost_max	mdp	prism	E	mdpqvbs	1.048	1.21	1.552	2.11	26.8	58.4	1.03	1.214	1.551	2.106	26.7	57.8	1	1	1	1	13.1	38.3	1	1	1	1	12.2	36.6	1.143	1.341	1.745	2.375	20.2	45.4	1	1	1.239	1.363	17.5	38.7	1	1	1	1.545	11.1	23.1	1	1	1	1.089	11.6	24.1	1	1	1	1.051	11.5	24.2	1	1	1	1.056	11.4	23.9	1	1	1	1.061	11.5	24.1	1	1	1	1.113	12.5	30.2	1	1.115	1.431	1.507	21.2	53.0	1.258	1.789	724	2.003	21.1	51.9	1.274	1.79	1.762	1.855	21.7	54.5	1	1	1	1.274	12.4	31.8	1
wlan.5-0.cost_min	mdp	prism	E	mdpqvbs	2.154	1.176	1.143	3.343	15.5	20.8	2.141	1.182	1.137	724	15.4	20.9	1	1	1	1	8.0	15.1	1	1	1	1	7.8	16.9	2.53	1.292	1.288	2.78	12.9	16.4	1.963	1	1	2.333	10.8	14.0	1.143	1	1	1.233	6.8	8.6	1.127	1	1	1.177	7.4	8.8	1.113	1	1	1.128	7.3	8.8	1.092	1	1	1.112	7.3	8.7	1.103	1	1	1.127	7.3	8.8	1.339	1	1	1.46	8.8	12.6	1.813	1.115	1.074	2.115	12.9	18.5	2.374	1.437	1.379	2.659	13.0	18.4	2.377	1.444	1.388	2.644	13.2	19.2	1.216	1	1	1.275	7.9	11.3	1
wlan.5-0.num_collisions	mdp	prism	E	mdpqvbs	1.027	1.217	1.539	1.169	26.0	35.1	1.029	1.217	1.545	724	26.0	34.8	1	1	1	1	11.7	32.1	1	1	1	1	11.7	25.6	1.128	1.339	1.727	1.259	19.5	27.6	1	1	1.229	1	16.1	23.8	1	1	1	1	11.0	14.1	1	1	1	1	11.0	14.8	1	1	1	1	11.1	14.7	1	1	1	1	11.2	14.8	1	1	1	1	11.1	14.7	1	1	1	1	12.7	19.6	1	1.126	1.415	1.054	20.2	30.6	1.242	1.786	1.755	1.34	20.3	30.8	1.279	1.791	1.746	1.383	20.4	31.8	1	1	1	1	12.0	19.1	1
wlan.6-0.time_max	mdp	prism	E	mdpqvbs	4.501	5.172	5.769	7.589	246.2	724	4.491	5.145	5.76	724	241.2	724	1.433	1.767	2.699	2.829	104.3	420.6	1.434	1.765	2.699	2.845	112.8	462.3	5.863	6.767	7.157	9.451	180.9	475.4	3.881	4.397	5.015	6.262	149.0	378.4	3.145	3.523	3.896	5.37	93.6	241.2	2.589	2.931	3.435	4.076	96.9	227.5	2.537	2.911	3.353	4.016	96.4	229.8	2.501	2.867	3.367	3.967	97.2	227.4	2.492	2.885	3.371	3.958	96.9	227.6	2.752	2.952	724	4.852	182.4	415.0	4.531	5.112	5.694	6.386	248.1	724	5.789	7.406	7.071	7.649	248.0	724	5.908	7.597	7.098	7.791	248.7	724	2.509	2.879	3.437	4.32	137.4	363.9	1.433
wlan.6-0.time_min	mdp	prism	E	mdpqvbs	12.594	5.198	4.903	13.068	129.4	218.1	12.708	5.171	4.902	13.062	128.1	218.0	5.723	1.62	1.542	5.995	66.3	156.8	5.724	1.621	1.552	6.067	69.4	158.6	15.067	6.703	6.153	14.763	107.8	169.5	10.811	4.446	4.278	10.923	87.2	138.0	6.525	3.549	3.425	6.574	56.6	91.1	6.189	3.064	2.967	6.26	59.9	83.8	6.135	2.99	2.872	6.182	60.0	83.7	6.1	2.971	2.875	6.206	59.6	83.7	6.114	2.98	2.875	6.228	59.8	83.3	7.33	3.284	3.129	7.332	83.4	138.8	11.573	5.326	5.075	11.784	133.7	235.1	14.293	6.596	6.317	14.517	134.8	235.0	14.311	6.688	6.346	14.76	136.6	234.3	6.911	2.867	2.747	7.066	79.6	127.5	1.542
zeroconf.1000-8-false.correct_max	mdp	prism	P	mdpqvbs	4.074	5.088	11.668	7.781	1.1	2.3	4.086	5.056	11.754	7.611	1.1	2.4	1.362	1.743	724	2.937	1	2.1	1.369	1.753	724	2.965	1	2.0	4.576	5.544	12.448	8.183	1.1	2.2	3.898	4.685	10.195	6.74	1	1.6	2.714	3.161	7.952	4.932	1	1	2.51	2.984	7.108	4.256	1	1.1	2.566	3.009	724	4.266	1	1.1	2.514	2.945	6.858	4.092	1	1.1	2.507	2.983	6.813	4.242	1	1.1	3.014	3.585	724	4.988	1	1.2	3.916	4.849	10.947	6.701	1	2.2	5.309	7.183	724	8.311	1	2.3	5.282	7.345	13.587	8.311	1	2.3	2.253	2.733	6.254	4.307	1	1.2	1
zeroconf.1000-8-false.correct_min	mdp	prism	P	mdpqvbs	1.752	2.055	12.977	9.781	2.8	2.0	1.754	2.054	13.151	10.069	2.8	2.0	1	1	3.642	4.331	1.3	1.6	1	1	3.663	4.404	1.3	1.4	1.841	2.166	13.068	10.602	3.3	1.9	1.426	1.676	10.035	7.296	2.0	1.5	1	1.09	9.134	6.54	1.1	1	1	1	8.257	4.45	1.3	1	1	1	7.058	4.428	1.3	1	1	1	7.791	4.494	1.3	1	1	1	7.773	4.47	1.3	1	1.203	1.67	10.953	6.512	1.7	1.2	1.521	1.835	12.188	7.692	2.1	1.9	2.421	3.073	11.682	8.491	2.1	1.9	2.447	3.076	15.109	8.53	2.1	2.0	1	1.115	7.02	5.88	1.4	1.1	1
zeroconf.20-2-false.correct_max	mdp	prism	P	mdpqvbs	1	1	1	1	1	1	1	1	1	1	1	1	1	1	724	1	1	1	1	1	724	1	1	1	1	1	1	1	1	1	1	1	1	1	1	1	1	1	1	1	1	1	1	1	1	1	1	1	1	1	724	1	1	1	1	1	1	1	1	1	1	1	1	1	1	1	1	1	724	1	1	1	1	1	1	1	1	1	1	1	724	1	1	1	1	1	1	1	1	1	1	1	1	1	1	1	1
zeroconf.20-8-false.correct_max	mdp	prism	P	mdpqvbs	4.087	5.093	12.437	7.405	1.1	2.4	4.054	5.079	12.581	7.42	1.1	2.4	1.376	1.743	724	2.937	1	2.4	1.361	1.757	724	2.964	1	2.3	6.012	7.142	15.434	9.971	1.4	3.0	3.916	4.672	10.954	6.378	1	1.7	2.129	3.178	7.475	4.825	1	1	2.558	2.992	7.579	4.036	1	1.1	2.54	3.002	724	4.256	1	1.1	2.516	2.975	7.236	4.101	1	1.1	2.515	2.992	7.292	4.075	1	1.1	3.241	3.93	724	4.718	1	1.6	3.919	4.813	11.877	6.526	1	2.3	5.254	7.301	724	8.338	1	2.2	5.293	7.363	14.557	8.166	1	2.2	2.248	2.741	6.697	4.127	1	1.2	1
zeroconf.20-8-false.correct_min	mdp	prism	P	mdpqvbs	1.675	1.966	10.574	9.794	2.5	2.0	1.684	1.975	10.639	9.847	2.5	2.0	1	1	3.31	4.373	1.2	1.5	1	1	3.306	4.372	1.2	1.4	1.757	2.004	10.535	10.241	2.6	1.9	1.386	1.606	8.103	7.267	1.8	1.5	1	1	6.986	6.785	1	1	1	1	6.582	4.68	1.2	1	1	1	6.407	4.683	1.2	1	1	1	6.281	4.531	1.2	1	1	1	6.226	4.759	1.2	1	1.067	2.014	6.718	6.068	1.4	1.2	1.449	1.734	9.845	7.689	1.9	1.9	2.287	2.894	11.792	8.449	1.9	1.9	2.331	2.912	12.325	8.495	1.9	1.9	1	1.069	5.726	5.895	1.3	1.1	1
